TRANSACTION_ID,TRANSACTION_DATE,CUSTOMER_ID,GENDER,AGE,PRODUCT_CATEGORY,QUANTITY,PRICE_PER_UNIT,TOTAL_AMOUNT,CATEGORY_UNITS_SOLD,CATEGORY_REVENUE,AGE_GROUP,AGE_UNITS_SOLD,AGE_REVENUE
167,9/17/2023,CUST167,FEMALE,43,CLOTHING,3,50,150,894,155580,35-44,291,52965
288,1/26/2023,CUST288,MALE,28,CLOTHING,4,30,120,894,155580,25-34,255,45240
280,4/4/2023,CUST280,FEMALE,37,CLOTHING,3,500,1500,894,155580,35-44,291,52965
1000,4/12/2023,CUST1000,MALE,47,ELECTRONICS,4,30,120,849,156905,45-54,278,50410
188,5/3/2023,CUST188,MALE,40,CLOTHING,3,25,75,894,155580,35-44,242,43870
180,1/1/2023,CUST180,MALE,41,CLOTHING,3,300,900,894,155580,35-44,242,43870
367,1/5/2023,CUST367,FEMALE,57,ELECTRONICS,1,50,50,849,156905,55+,265,45280
488,6/18/2023,CUST488,FEMALE,51,ELECTRONICS,3,300,900,849,156905,45-54,300,46825
480,6/29/2023,CUST480,FEMALE,42,BEAUTY,4,500,2000,771,143515,35-44,291,52965
246,4/20/2023,CUST246,FEMALE,48,ELECTRONICS,2,25,50,849,156905,45-54,300,46825
380,5/6/2023,CUST380,MALE,56,ELECTRONICS,2,300,600,849,156905,55+,250,44910
388,11/10/2023,CUST388,MALE,50,ELECTRONICS,1,25,25,849,156905,45-54,278,50410
267,11/27/2023,CUST267,FEMALE,32,BEAUTY,3,30,90,771,143515,25-34,267,51850
184,1/10/2023,CUST184,MALE,31,ELECTRONICS,4,50,200,849,156905,25-34,255,45240
146,8/28/2023,CUST146,MALE,38,CLOTHING,4,50,200,894,155580,35-44,242,43870
567,6/14/2023,CUST567,FEMALE,25,CLOTHING,3,300,900,894,155580,25-34,267,51850
484,1/13/2023,CUST484,FEMALE,19,CLOTHING,4,300,1200,894,155580,18-24,175,35920
688,10/3/2023,CUST688,MALE,56,CLOTHING,4,25,100,894,155580,55+,250,44910
204,9/28/2023,CUST204,MALE,39,BEAUTY,1,25,25,771,143515,35-44,242,43870
467,7/30/2023,CUST467,FEMALE,53,ELECTRONICS,3,50,150,849,156905,45-54,300,46825
142,2/2/2023,CUST142,MALE,35,ELECTRONICS,4,300,1200,849,156905,35-44,242,43870
684,6/30/2023,CUST684,FEMALE,28,CLOTHING,2,500,1000,894,155580,25-34,267,51850
580,12/6/2023,CUST580,FEMALE,31,CLOTHING,3,500,1500,894,155580,25-34,267,51850
442,3/17/2023,CUST442,FEMALE,60,CLOTHING,4,25,100,894,155580,55+,265,45280
525,12/18/2023,CUST525,FEMALE,47,BEAUTY,2,25,50,771,143515,45-54,300,46825
584,2/17/2023,CUST584,FEMALE,27,BEAUTY,4,50,200,771,143515,25-34,267,51850
100,6/16/2023,CUST100,MALE,41,ELECTRONICS,1,30,30,849,156905,35-44,242,43870
190,5/4/2023,CUST190,FEMALE,60,BEAUTY,3,30,90,771,143515,55+,265,45280
788,6/27/2023,CUST788,FEMALE,52,BEAUTY,3,300,900,771,143515,45-54,300,46825
642,5/22/2023,CUST642,FEMALE,54,CLOTHING,4,25,100,894,155580,45-54,300,46825
304,7/19/2023,CUST304,FEMALE,37,ELECTRONICS,2,30,60,849,156905,35-44,291,52965
988,5/28/2023,CUST988,FEMALE,63,CLOTHING,3,25,75,894,155580,55+,265,45280
56,5/31/2023,CUST056,FEMALE,26,CLOTHING,3,300,900,894,155580,25-34,267,51850
498,6/19/2023,CUST498,FEMALE,50,CLOTHING,4,25,100,894,155580,45-54,300,46825
252,5/5/2023,CUST252,MALE,54,ELECTRONICS,1,300,300,849,156905,45-54,278,50410
698,7/19/2023,CUST698,FEMALE,64,ELECTRONICS,1,300,300,849,156905,55+,265,45280
410,11/21/2023,CUST410,FEMALE,29,CLOTHING,2,50,100,894,155580,25-34,267,51850
284,2/8/2023,CUST284,MALE,43,CLOTHING,4,50,200,894,155580,35-44,242,43870
446,6/7/2023,CUST446,MALE,21,ELECTRONICS,1,50,50,849,156905,18-24,191,38730
680,10/22/2023,CUST680,FEMALE,53,CLOTHING,3,300,900,894,155580,45-54,300,46825
384,8/13/2023,CUST384,MALE,55,CLOTHING,1,500,500,894,155580,55+,250,44910
588,4/26/2023,CUST588,MALE,38,ELECTRONICS,2,30,60,849,156905,35-44,242,43870
884,4/29/2023,CUST884,FEMALE,26,CLOTHING,2,30,60,894,155580,25-34,267,51850
746,1/11/2023,CUST746,FEMALE,33,CLOTHING,3,30,90,894,155580,25-34,267,51850
825,8/26/2023,CUST825,FEMALE,46,BEAUTY,1,25,25,771,143515,45-54,300,46825
66,4/27/2023,CUST066,FEMALE,45,ELECTRONICS,1,30,30,849,156905,45-54,300,46825
198,3/7/2023,CUST198,FEMALE,54,BEAUTY,3,300,900,771,143515,45-54,300,46825
163,1/2/2023,CUST163,FEMALE,64,CLOTHING,3,50,150,894,155580,55+,265,45280
156,11/25/2023,CUST156,FEMALE,43,CLOTHING,4,25,100,894,155580,35-44,291,52965
435,12/20/2023,CUST435,FEMALE,30,BEAUTY,3,300,900,771,143515,25-34,267,51850
352,6/11/2023,CUST352,MALE,57,ELECTRONICS,2,500,1000,849,156905,55+,250,44910
877,6/19/2023,CUST877,FEMALE,58,CLOTHING,1,25,25,894,155580,55+,265,45280
798,8/4/2023,CUST798,MALE,61,CLOTHING,1,50,50,894,155580,55+,250,44910
994,12/18/2023,CUST994,FEMALE,51,BEAUTY,2,500,1000,771,143515,45-54,300,46825
824,5/5/2023,CUST824,MALE,63,CLOTHING,4,30,120,894,155580,55+,250,44910
225,1/11/2023,CUST225,FEMALE,57,BEAUTY,4,25,100,771,143515,55+,265,45280
277,8/18/2023,CUST277,MALE,36,CLOTHING,4,25,100,894,155580,35-44,242,43870
500,3/1/2023,CUST500,FEMALE,60,BEAUTY,4,25,100,771,143515,55+,265,45280
266,12/1/2023,CUST266,FEMALE,19,ELECTRONICS,2,30,60,849,156905,18-24,175,35920
852,10/12/2023,CUST852,FEMALE,41,CLOTHING,1,300,300,894,155580,35-44,291,52965
694,5/20/2023,CUST694,FEMALE,39,ELECTRONICS,2,25,50,849,156905,35-44,291,52965
125,8/8/2023,CUST125,MALE,48,CLOTHING,2,50,100,894,155580,45-54,278,50410
242,5/2/2023,CUST242,MALE,21,CLOTHING,1,25,25,894,155580,18-24,191,38730
104,6/11/2023,CUST104,FEMALE,34,BEAUTY,2,500,1000,771,143515,25-34,267,51850
200,9/1/2023,CUST200,MALE,27,BEAUTY,3,50,150,771,143515,25-34,255,45240
425,5/15/2023,CUST425,FEMALE,55,ELECTRONICS,4,30,120,849,156905,55+,265,45280
404,5/25/2023,CUST404,MALE,46,ELECTRONICS,2,500,1000,849,156905,45-54,278,50410
390,9/28/2023,CUST390,MALE,39,ELECTRONICS,2,50,100,849,156905,35-44,242,43870
784,11/4/2023,CUST784,FEMALE,34,ELECTRONICS,1,500,500,849,156905,25-34,267,51850
490,2/5/2023,CUST490,MALE,34,CLOTHING,3,50,150,894,155580,25-34,255,45240
690,11/5/2023,CUST690,FEMALE,52,CLOTHING,3,300,900,894,155580,45-54,300,46825
990,5/25/2023,CUST990,FEMALE,58,BEAUTY,2,500,1000,771,143515,55+,265,45280
946,5/8/2023,CUST946,MALE,62,ELECTRONICS,4,500,2000,849,156905,55+,250,44910
76,3/25/2023,CUST076,FEMALE,22,ELECTRONICS,2,50,100,849,156905,18-24,175,35920
700,12/9/2023,CUST700,MALE,36,ELECTRONICS,4,500,2000,849,156905,35-44,242,43870
904,7/4/2023,CUST904,MALE,28,CLOTHING,1,500,500,894,155580,25-34,255,45240
377,3/9/2023,CUST377,FEMALE,46,CLOTHING,4,50,200,894,155580,45-54,300,46825
635,8/17/2023,CUST635,FEMALE,63,ELECTRONICS,3,300,900,849,156905,55+,265,45280
552,12/13/2023,CUST552,FEMALE,49,ELECTRONICS,3,25,75,849,156905,45-54,300,46825
898,11/2/2023,CUST898,FEMALE,42,CLOTHING,3,30,90,894,155580,35-44,291,52965
894,9/5/2023,CUST894,MALE,52,ELECTRONICS,1,30,30,849,156905,45-54,278,50410
921,1/7/2023,CUST921,MALE,51,ELECTRONICS,3,25,75,849,156905,45-54,278,50410
466,6/20/2023,CUST466,MALE,63,ELECTRONICS,4,25,100,849,156905,55+,250,44910
325,9/2/2023,CUST325,FEMALE,52,ELECTRONICS,2,25,50,849,156905,45-54,300,46825
767,10/24/2023,CUST767,MALE,39,BEAUTY,3,25,75,771,143515,35-44,242,43870
880,8/21/2023,CUST880,MALE,22,BEAUTY,2,500,1000,771,143515,18-24,191,38730
667,8/1/2023,CUST667,FEMALE,29,ELECTRONICS,1,500,500,849,156905,25-34,267,51850
967,4/17/2023,CUST967,MALE,62,BEAUTY,1,25,25,771,143515,55+,250,44910
546,10/11/2023,CUST546,FEMALE,36,ELECTRONICS,4,50,200,849,156905,35-44,291,52965
290,10/4/2023,CUST290,FEMALE,30,BEAUTY,2,300,600,771,143515,25-34,267,51850
542,6/17/2023,CUST542,FEMALE,20,BEAUTY,1,50,50,771,143515,18-24,175,35920
842,12/26/2023,CUST842,FEMALE,47,CLOTHING,2,300,600,894,155580,45-54,300,46825
625,12/8/2023,CUST625,MALE,31,CLOTHING,1,300,300,894,155580,25-34,255,45240
600,10/22/2023,CUST600,FEMALE,59,BEAUTY,2,500,1000,771,143515,55+,265,45280
742,1/21/2023,CUST742,FEMALE,38,ELECTRONICS,4,500,2000,849,156905,35-44,291,52965
804,8/24/2023,CUST804,MALE,42,ELECTRONICS,1,30,30,849,156905,35-44,242,43870
177,3/24/2023,CUST177,MALE,45,BEAUTY,2,50,100,771,143515,45-54,278,50410
704,8/28/2023,CUST704,FEMALE,62,CLOTHING,3,30,90,894,155580,55+,265,45280
86,11/8/2023,CUST086,MALE,19,BEAUTY,3,30,90,771,143515,18-24,191,38730
363,6/3/2023,CUST363,MALE,64,BEAUTY,1,25,25,771,143515,55+,250,44910
677,10/27/2023,CUST677,FEMALE,19,BEAUTY,3,500,1500,771,143515,18-24,175,35920
121,10/15/2023,CUST121,FEMALE,28,ELECTRONICS,4,50,200,849,156905,25-34,267,51850
577,2/13/2023,CUST577,MALE,21,BEAUTY,4,500,2000,771,143515,18-24,191,38730
598,8/1/2023,CUST598,MALE,37,BEAUTY,4,30,120,771,143515,35-44,242,43870
335,2/4/2023,CUST335,FEMALE,47,BEAUTY,4,30,120,771,143515,45-54,300,46825
110,6/11/2023,CUST110,MALE,27,CLOTHING,3,300,900,894,155580,25-34,255,45240
494,9/18/2023,CUST494,FEMALE,42,BEAUTY,4,50,200,771,143515,35-44,291,52965
763,2/28/2023,CUST763,MALE,34,CLOTHING,2,25,50,894,155580,25-34,255,45240
210,4/13/2023,CUST210,MALE,37,ELECTRONICS,4,50,200,849,156905,35-44,242,43870
721,5/14/2023,CUST721,FEMALE,52,CLOTHING,1,500,500,894,155580,45-54,300,46825
414,5/9/2023,CUST414,MALE,48,BEAUTY,4,25,100,771,143515,45-54,278,50410
956,8/19/2023,CUST956,MALE,30,CLOTHING,3,500,1500,894,155580,25-34,255,45240
935,9/9/2023,CUST935,FEMALE,34,BEAUTY,1,50,50,771,143515,25-34,267,51850
952,11/13/2023,CUST952,FEMALE,57,CLOTHING,1,25,25,894,155580,55+,265,45280
37,5/23/2023,CUST037,FEMALE,18,BEAUTY,3,25,75,771,143515,18-24,175,35920
710,10/31/2023,CUST710,FEMALE,26,ELECTRONICS,3,500,1500,849,156905,25-34,267,51850
57,11/18/2023,CUST057,FEMALE,63,BEAUTY,1,30,30,771,143515,55+,265,45280
366,2/7/2023,CUST366,MALE,57,CLOTHING,2,50,100,894,155580,55+,250,44910
462,4/1/2023,CUST462,MALE,63,ELECTRONICS,4,300,1200,849,156905,55+,250,44910
220,3/3/2023,CUST220,MALE,64,BEAUTY,1,500,500,771,143515,55+,250,44910
120,5/7/2023,CUST120,MALE,60,BEAUTY,1,50,50,771,143515,55+,250,44910
646,5/3/2023,CUST646,MALE,38,CLOTHING,3,30,90,894,155580,35-44,242,43870
590,3/17/2023,CUST590,MALE,36,CLOTHING,3,300,900,894,155580,35-44,242,43870
604,9/11/2023,CUST604,FEMALE,29,ELECTRONICS,4,50,200,849,156905,25-34,267,51850
984,8/29/2023,CUST984,MALE,56,CLOTHING,1,500,500,894,155580,55+,250,44910
504,5/16/2023,CUST504,FEMALE,38,BEAUTY,3,50,150,771,143515,35-44,291,52965
942,3/18/2023,CUST942,MALE,51,CLOTHING,3,500,1500,894,155580,45-54,278,50410
398,5/16/2023,CUST398,FEMALE,48,CLOTHING,2,300,600,894,155580,45-54,300,46825
152,2/28/2023,CUST152,MALE,43,ELECTRONICS,4,500,2000,849,156905,35-44,242,43870
298,4/20/2023,CUST298,MALE,27,BEAUTY,4,300,1200,771,143515,25-34,255,45240
263,8/28/2023,CUST263,MALE,23,BEAUTY,2,30,60,771,143515,18-24,191,38730
321,6/10/2023,CUST321,FEMALE,26,ELECTRONICS,2,25,50,849,156905,25-34,267,51850
463,7/31/2023,CUST463,FEMALE,54,BEAUTY,3,500,1500,771,143515,45-54,300,46825
256,2/18/2023,CUST256,MALE,23,CLOTHING,2,500,1000,894,155580,18-24,191,38730
556,6/4/2023,CUST556,FEMALE,18,ELECTRONICS,1,50,50,849,156905,18-24,175,35920
794,9/17/2023,CUST794,FEMALE,60,BEAUTY,1,300,300,771,143515,55+,265,45280
314,4/8/2023,CUST314,MALE,52,CLOTHING,4,30,120,894,155580,45-54,278,50410
452,5/8/2023,CUST452,FEMALE,48,CLOTHING,3,500,1500,894,155580,45-54,300,46825
998,10/29/2023,CUST998,FEMALE,23,BEAUTY,4,25,100,771,143515,18-24,175,35920
421,1/2/2023,CUST421,FEMALE,37,CLOTHING,3,500,1500,894,155580,35-44,291,52965
514,3/1/2023,CUST514,FEMALE,18,ELECTRONICS,1,300,300,849,156905,18-24,175,35920
656,10/4/2023,CUST656,MALE,29,BEAUTY,3,30,90,771,143515,25-34,255,45240
863,4/24/2023,CUST863,FEMALE,30,ELECTRONICS,2,25,50,849,156905,25-34,267,51850
652,5/1/2023,CUST652,FEMALE,34,BEAUTY,2,50,100,771,143515,25-34,267,51850
821,2/14/2023,CUST821,MALE,49,ELECTRONICS,1,300,300,849,156905,45-54,278,50410
27,8/3/2023,CUST027,FEMALE,38,BEAUTY,2,25,50,771,143515,35-44,291,52965
814,9/5/2023,CUST814,FEMALE,59,CLOTHING,1,500,500,894,155580,55+,265,45280
67,5/29/2023,CUST067,FEMALE,48,BEAUTY,4,300,1200,771,143515,45-54,300,46825
70,2/21/2023,CUST070,FEMALE,43,CLOTHING,1,300,300,894,155580,35-44,291,52965
173,11/8/2023,CUST173,MALE,64,ELECTRONICS,4,30,120,849,156905,55+,250,44910
187,6/7/2023,CUST187,FEMALE,64,CLOTHING,2,50,100,894,155580,55+,265,45280
566,12/2/2023,CUST566,FEMALE,64,CLOTHING,1,30,30,894,155580,55+,265,45280
373,10/3/2023,CUST373,FEMALE,25,BEAUTY,2,300,600,771,143515,25-34,267,51850
287,2/20/2023,CUST287,MALE,54,CLOTHING,4,25,100,894,155580,45-54,278,50410
166,4/2/2023,CUST166,MALE,34,CLOTHING,4,500,2000,894,155580,25-34,255,45240
245,9/6/2023,CUST245,MALE,47,CLOTHING,3,30,90,894,155580,45-54,278,50410
346,2/11/2023,CUST346,MALE,59,CLOTHING,2,500,1000,894,155580,55+,250,44910
356,6/10/2023,CUST356,MALE,50,ELECTRONICS,3,500,1500,849,156905,45-54,278,50410
888,3/3/2023,CUST888,FEMALE,52,ELECTRONICS,4,25,100,849,156905,45-54,300,46825
780,2/22/2023,CUST780,MALE,52,ELECTRONICS,2,25,50,849,156905,45-54,278,50410
980,7/29/2023,CUST980,FEMALE,31,ELECTRONICS,3,25,75,849,156905,25-34,267,51850
342,10/24/2023,CUST342,FEMALE,43,CLOTHING,4,500,2000,894,155580,35-44,291,52965
400,2/24/2023,CUST400,MALE,53,CLOTHING,4,50,200,894,155580,45-54,278,50410
300,1/31/2023,CUST300,FEMALE,19,ELECTRONICS,4,50,200,849,156905,18-24,175,35920
846,9/22/2023,CUST846,MALE,42,BEAUTY,1,50,50,771,143515,35-44,242,43870
477,4/24/2023,CUST477,MALE,43,CLOTHING,4,30,120,894,155580,35-44,242,43870
235,1/31/2023,CUST235,FEMALE,23,ELECTRONICS,2,500,1000,849,156905,18-24,175,35920
900,2/21/2023,CUST900,MALE,21,CLOTHING,2,30,60,894,155580,18-24,191,38730
96,12/19/2023,CUST096,FEMALE,44,CLOTHING,2,300,600,894,155580,35-44,291,52965
194,9/6/2023,CUST194,MALE,55,CLOTHING,4,50,200,894,155580,55+,250,44910
394,6/3/2023,CUST394,FEMALE,27,CLOTHING,1,500,500,894,155580,25-34,267,51850
294,3/27/2023,CUST294,FEMALE,23,CLOTHING,3,30,90,894,155580,18-24,175,35920
563,8/9/2023,CUST563,MALE,20,CLOTHING,2,30,60,894,155580,18-24,191,38730
114,7/22/2023,CUST114,FEMALE,22,BEAUTY,4,25,100,771,143515,18-24,175,35920
756,8/27/2023,CUST756,FEMALE,62,ELECTRONICS,4,300,1200,849,156905,55+,265,45280
752,12/9/2023,CUST752,MALE,29,CLOTHING,2,50,100,894,155580,25-34,255,45240
621,3/4/2023,CUST621,FEMALE,40,BEAUTY,2,500,1000,771,143515,35-44,291,52965
20,11/5/2023,CUST020,MALE,22,CLOTHING,3,300,900,894,155580,18-24,191,38730
30,10/29/2023,CUST030,FEMALE,39,BEAUTY,3,300,900,771,143515,35-44,291,52965
610,1/3/2023,CUST610,FEMALE,26,BEAUTY,2,300,600,771,143515,25-34,267,51850
910,3/6/2023,CUST910,FEMALE,20,BEAUTY,3,50,150,771,143515,18-24,175,35920
324,10/27/2023,CUST324,FEMALE,52,ELECTRONICS,3,50,150,849,156905,45-54,300,46825
866,5/5/2023,CUST866,MALE,24,ELECTRONICS,1,50,50,849,156905,18-24,191,38730
624,8/26/2023,CUST624,FEMALE,34,BEAUTY,3,300,900,771,143515,25-34,267,51850
131,9/18/2023,CUST131,FEMALE,21,BEAUTY,2,300,600,771,143515,18-24,175,35920
766,2/25/2023,CUST766,MALE,38,ELECTRONICS,3,300,900,849,156905,35-44,242,43870
420,1/23/2023,CUST420,FEMALE,22,CLOTHING,4,500,2000,894,155580,18-24,175,35920
631,11/10/2023,CUST631,MALE,56,ELECTRONICS,3,30,90,849,156905,55+,250,44910
724,4/19/2023,CUST724,MALE,61,CLOTHING,3,50,150,894,155580,55+,250,44910
725,8/21/2023,CUST725,MALE,61,ELECTRONICS,1,300,300,849,156905,55+,250,44910
790,8/8/2023,CUST790,MALE,62,CLOTHING,1,25,25,894,155580,55+,250,44910
867,6/6/2023,CUST867,MALE,21,ELECTRONICS,1,500,500,849,156905,18-24,191,38730
925,9/3/2023,CUST925,MALE,25,ELECTRONICS,1,300,300,849,156905,25-34,255,45240
890,12/20/2023,CUST890,MALE,34,ELECTRONICS,2,25,50,849,156905,25-34,255,45240
800,2/24/2023,CUST800,MALE,32,CLOTHING,4,300,1200,894,155580,25-34,255,45240
594,9/1/2023,CUST594,FEMALE,19,ELECTRONICS,2,300,600,849,156905,18-24,175,35920
777,12/20/2023,CUST777,MALE,48,ELECTRONICS,3,50,150,849,156905,45-54,278,50410
535,12/6/2023,CUST535,MALE,47,BEAUTY,3,30,90,771,143515,45-54,278,50410
310,10/12/2023,CUST310,FEMALE,28,BEAUTY,1,25,25,771,143515,25-34,267,51850
963,11/14/2023,CUST963,FEMALE,55,BEAUTY,1,50,50,771,143515,55+,265,45280
977,2/8/2023,CUST977,FEMALE,35,ELECTRONICS,3,25,75,849,156905,35-44,291,52965
510,6/10/2023,CUST510,FEMALE,39,BEAUTY,4,50,200,771,143515,35-44,291,52965
735,10/4/2023,CUST735,FEMALE,64,CLOTHING,4,500,2000,894,155580,55+,265,45280
10,10/7/2023,CUST010,FEMALE,52,CLOTHING,4,50,200,894,155580,45-54,300,46825
17,4/22/2023,CUST017,FEMALE,27,CLOTHING,4,25,100,894,155580,25-34,267,51850
856,11/27/2023,CUST856,MALE,54,ELECTRONICS,4,30,120,849,156905,45-54,278,50410
614,4/1/2023,CUST614,FEMALE,39,BEAUTY,4,300,1200,771,143515,35-44,291,52965
47,11/6/2023,CUST047,FEMALE,40,BEAUTY,3,500,1500,771,143515,35-44,291,52965
50,8/24/2023,CUST050,FEMALE,27,BEAUTY,3,25,75,771,143515,25-34,267,51850
224,6/23/2023,CUST224,FEMALE,25,CLOTHING,1,50,50,894,155580,25-34,267,51850
80,12/10/2023,CUST080,FEMALE,64,CLOTHING,2,30,60,894,155580,55+,265,45280
97,10/13/2023,CUST097,FEMALE,51,BEAUTY,2,500,1000,771,143515,45-54,300,46825
810,11/30/2023,CUST810,MALE,59,ELECTRONICS,4,25,100,849,156905,55+,250,44910
666,2/2/2023,CUST666,MALE,51,ELECTRONICS,3,50,150,849,156905,45-54,278,50410
90,5/6/2023,CUST090,FEMALE,51,ELECTRONICS,1,30,30,849,156905,45-54,300,46825
424,11/23/2023,CUST424,MALE,57,BEAUTY,4,300,1200,771,143515,55+,250,44910
273,5/8/2023,CUST273,FEMALE,22,BEAUTY,1,50,50,771,143515,18-24,175,35920
162,8/21/2023,CUST162,MALE,39,CLOTHING,2,30,60,894,155580,35-44,242,43870
473,2/25/2023,CUST473,MALE,64,BEAUTY,1,50,50,771,143515,55+,250,44910
387,6/4/2023,CUST387,MALE,44,BEAUTY,1,30,30,771,143515,35-44,242,43870
231,1/4/2023,CUST231,FEMALE,23,CLOTHING,3,50,150,894,155580,18-24,175,35920
145,11/2/2023,CUST145,FEMALE,39,CLOTHING,3,25,75,894,155580,35-44,291,52965
362,11/27/2023,CUST362,MALE,50,CLOTHING,1,25,25,894,155580,45-54,278,50410
662,12/22/2023,CUST662,MALE,48,BEAUTY,2,500,1000,771,143515,45-54,278,50410
573,9/19/2023,CUST573,MALE,49,BEAUTY,2,30,60,771,143515,45-54,278,50410
966,2/20/2023,CUST966,MALE,60,ELECTRONICS,2,500,1000,849,156905,55+,250,44910
873,9/29/2023,CUST873,FEMALE,27,ELECTRONICS,4,25,100,849,156905,25-34,267,51850
320,2/1/2023,CUST320,FEMALE,28,ELECTRONICS,4,300,1200,849,156905,25-34,267,51850
862,5/31/2023,CUST862,MALE,28,ELECTRONICS,4,300,1200,849,156905,25-34,255,45240
773,7/23/2023,CUST773,MALE,25,ELECTRONICS,4,500,2000,849,156905,25-34,255,45240
620,5/8/2023,CUST620,MALE,63,ELECTRONICS,3,25,75,849,156905,55+,250,44910
924,8/29/2023,CUST924,MALE,55,BEAUTY,2,50,100,771,143515,55+,250,44910
456,10/14/2023,CUST456,MALE,57,ELECTRONICS,2,30,60,849,156905,55+,250,44910
521,8/12/2023,CUST521,FEMALE,47,CLOTHING,4,30,120,894,155580,45-54,300,46825
835,9/7/2023,CUST835,MALE,37,CLOTHING,4,50,200,894,155580,35-44,242,43870
714,2/12/2023,CUST714,FEMALE,18,CLOTHING,1,500,500,894,155580,18-24,175,35920
914,10/11/2023,CUST914,FEMALE,59,ELECTRONICS,1,500,500,849,156905,55+,265,45280
40,6/22/2023,CUST040,MALE,45,BEAUTY,1,50,50,771,143515,45-54,278,50410
77,7/9/2023,CUST077,FEMALE,47,CLOTHING,2,50,100,894,155580,45-54,300,46825
262,7/30/2023,CUST262,FEMALE,32,BEAUTY,4,30,120,771,143515,25-34,267,51850
487,7/24/2023,CUST487,MALE,44,CLOTHING,4,500,2000,894,155580,35-44,242,43870
762,11/7/2023,CUST762,FEMALE,24,ELECTRONICS,2,25,50,849,156905,18-24,175,35920
345,11/14/2023,CUST345,MALE,62,ELECTRONICS,1,30,30,849,156905,55+,250,44910
135,2/26/2023,CUST135,MALE,20,CLOTHING,2,25,50,894,155580,18-24,191,38730
221,5/7/2023,CUST221,MALE,39,BEAUTY,2,300,600,771,143515,35-44,242,43870
214,12/10/2023,CUST214,MALE,20,BEAUTY,2,30,60,771,143515,18-24,191,38730
60,10/23/2023,CUST060,MALE,30,BEAUTY,3,50,150,771,143515,25-34,255,45240
87,11/22/2023,CUST087,FEMALE,28,BEAUTY,2,50,100,771,143515,25-34,267,51850
673,2/1/2023,CUST673,FEMALE,43,CLOTHING,3,500,1500,894,155580,35-44,291,52965
587,6/8/2023,CUST587,FEMALE,40,BEAUTY,4,300,1200,771,143515,35-44,291,52965
331,2/11/2023,CUST331,MALE,28,ELECTRONICS,3,30,90,849,156905,25-34,255,45240
124,10/27/2023,CUST124,MALE,33,CLOTHING,4,500,2000,894,155580,25-34,255,45240
524,10/3/2023,CUST524,MALE,46,BEAUTY,4,300,1200,771,143515,45-54,278,50410
103,1/17/2023,CUST103,FEMALE,59,CLOTHING,1,25,25,894,155580,55+,265,45280
663,3/20/2023,CUST663,MALE,23,CLOTHING,4,300,1200,894,155580,18-24,191,38730
431,10/15/2023,CUST431,MALE,63,ELECTRONICS,4,300,1200,849,156905,55+,250,44910
562,4/18/2023,CUST562,MALE,54,ELECTRONICS,2,25,50,849,156905,45-54,278,50410
176,7/11/2023,CUST176,FEMALE,43,BEAUTY,2,50,100,771,143515,35-44,291,52965
520,12/29/2023,CUST520,FEMALE,49,ELECTRONICS,4,25,100,849,156905,45-54,300,46825
376,5/16/2023,CUST376,FEMALE,64,BEAUTY,1,30,30,771,143515,55+,265,45280
820,5/6/2023,CUST820,MALE,49,ELECTRONICS,4,50,200,849,156905,45-54,278,50410
787,1/22/2023,CUST787,MALE,41,ELECTRONICS,1,25,25,849,156905,35-44,242,43870
134,1/25/2023,CUST134,MALE,49,ELECTRONICS,1,50,50,849,156905,45-54,278,50410
962,10/19/2023,CUST962,MALE,44,CLOTHING,2,30,60,894,155580,35-44,242,43870
276,10/2/2023,CUST276,FEMALE,21,BEAUTY,4,25,100,771,143515,18-24,175,35920
545,6/1/2023,CUST545,MALE,27,CLOTHING,2,25,50,894,155580,25-34,255,45240
531,12/7/2023,CUST531,MALE,31,ELECTRONICS,1,500,500,849,156905,25-34,255,45240
720,1/26/2023,CUST720,FEMALE,56,BEAUTY,3,500,1500,771,143515,55+,265,45280
576,12/4/2023,CUST576,FEMALE,33,BEAUTY,3,50,150,771,143515,25-34,267,51850
831,1/15/2023,CUST831,MALE,27,ELECTRONICS,4,25,100,849,156905,25-34,255,45240
334,11/1/2023,CUST334,MALE,31,ELECTRONICS,3,300,900,849,156905,25-34,255,45240
172,9/17/2023,CUST172,MALE,32,BEAUTY,2,25,50,771,143515,25-34,255,45240
973,3/22/2023,CUST973,MALE,60,CLOTHING,1,50,50,894,155580,55+,250,44910
476,8/29/2023,CUST476,FEMALE,27,CLOTHING,4,500,2000,894,155580,25-34,267,51850
687,8/3/2023,CUST687,FEMALE,53,ELECTRONICS,1,300,300,849,156905,45-54,300,46825
372,2/7/2023,CUST372,FEMALE,24,BEAUTY,3,500,1500,771,143515,18-24,175,35920
234,11/20/2023,CUST234,FEMALE,62,ELECTRONICS,2,25,50,849,156905,55+,265,45280
130,3/12/2023,CUST130,FEMALE,57,CLOTHING,1,500,500,894,155580,55+,265,45280
776,10/31/2023,CUST776,MALE,35,CLOTHING,3,30,90,894,155580,35-44,242,43870
445,1/22/2023,CUST445,FEMALE,53,ELECTRONICS,1,300,300,849,156905,45-54,300,46825
272,2/25/2023,CUST272,FEMALE,61,ELECTRONICS,2,50,100,849,156905,55+,265,45280
18,4/30/2023,CUST018,FEMALE,47,ELECTRONICS,2,25,50,849,156905,45-54,300,46825
534,6/10/2023,CUST534,MALE,45,CLOTHING,2,500,1000,894,155580,45-54,278,50410
203,5/16/2023,CUST203,MALE,56,CLOTHING,2,500,1000,894,155580,55+,250,44910
572,4/20/2023,CUST572,MALE,31,CLOTHING,4,500,2000,894,155580,25-34,255,45240
676,7/19/2023,CUST676,MALE,63,ELECTRONICS,3,500,1500,849,156905,55+,250,44910
28,4/23/2023,CUST028,FEMALE,43,BEAUTY,1,500,500,771,143515,35-44,291,52965
330,9/18/2023,CUST330,FEMALE,25,BEAUTY,4,50,200,771,143515,25-34,267,51850
434,2/8/2023,CUST434,FEMALE,43,ELECTRONICS,2,25,50,849,156905,35-44,291,52965
987,4/29/2023,CUST987,FEMALE,30,CLOTHING,3,300,900,894,155580,25-34,267,51850
472,12/26/2023,CUST472,FEMALE,38,BEAUTY,3,300,900,771,143515,35-44,291,52965
976,10/10/2023,CUST976,FEMALE,48,BEAUTY,2,300,600,771,143515,45-54,300,46825
48,5/16/2023,CUST048,MALE,54,ELECTRONICS,3,300,900,849,156905,45-54,278,50410
745,4/13/2023,CUST745,MALE,54,BEAUTY,2,50,100,771,143515,45-54,278,50410
230,4/23/2023,CUST230,MALE,54,BEAUTY,1,25,25,771,143515,45-54,278,50410
734,1/10/2023,CUST734,FEMALE,27,CLOTHING,1,30,30,894,155580,25-34,267,51850
58,11/13/2023,CUST058,MALE,18,CLOTHING,4,300,1200,894,155580,18-24,191,38730
772,7/12/2023,CUST772,MALE,26,ELECTRONICS,1,30,30,849,156905,25-34,255,45240
503,10/25/2023,CUST503,MALE,45,BEAUTY,4,500,2000,771,143515,45-54,278,50410
68,2/10/2023,CUST068,MALE,25,ELECTRONICS,1,300,300,849,156905,25-34,255,45240
876,10/9/2023,CUST876,MALE,43,CLOTHING,4,30,120,894,155580,35-44,242,43870
530,2/5/2023,CUST530,FEMALE,18,ELECTRONICS,4,30,120,849,156905,18-24,175,35920
634,10/8/2023,CUST634,MALE,60,ELECTRONICS,4,500,2000,849,156905,55+,250,44910
887,6/11/2023,CUST887,MALE,59,CLOTHING,4,25,100,894,155580,55+,250,44910
672,8/1/2023,CUST672,FEMALE,34,BEAUTY,2,50,100,771,143515,25-34,267,51850
88,3/29/2023,CUST088,MALE,56,CLOTHING,1,500,500,894,155580,55+,250,44910
934,7/25/2023,CUST934,MALE,30,BEAUTY,1,500,500,771,143515,25-34,255,45240
430,8/7/2023,CUST430,FEMALE,43,ELECTRONICS,3,300,900,849,156905,35-44,291,52965
645,11/17/2023,CUST645,FEMALE,35,ELECTRONICS,4,30,120,849,156905,35-44,291,52965
98,4/23/2023,CUST098,FEMALE,55,BEAUTY,2,50,100,771,143515,55+,265,45280
834,4/4/2023,CUST834,FEMALE,56,BEAUTY,2,30,60,771,143515,55+,265,45280
972,2/11/2023,CUST972,MALE,49,BEAUTY,4,25,100,771,143515,45-54,278,50410
183,9/8/2023,CUST183,FEMALE,43,BEAUTY,3,300,900,771,143515,35-44,291,52965
730,8/4/2023,CUST730,FEMALE,36,CLOTHING,2,25,50,894,155580,35-44,291,52965
383,3/22/2023,CUST383,FEMALE,46,BEAUTY,3,30,90,771,143515,45-54,300,46825
208,10/4/2023,CUST208,FEMALE,34,ELECTRONICS,4,50,200,849,156905,25-34,267,51850
945,2/13/2023,CUST945,MALE,30,BEAUTY,1,25,25,771,143515,25-34,255,45240
141,11/2/2023,CUST141,FEMALE,22,ELECTRONICS,1,50,50,849,156905,18-24,175,35920
630,8/15/2023,CUST630,MALE,42,CLOTHING,2,50,100,894,155580,35-44,242,43870
283,5/8/2023,CUST283,FEMALE,18,ELECTRONICS,1,500,500,849,156905,18-24,175,35920
408,4/15/2023,CUST408,FEMALE,64,BEAUTY,1,500,500,771,143515,55+,265,45280
703,3/26/2023,CUST703,MALE,34,ELECTRONICS,2,50,100,849,156905,25-34,255,45240
930,5/10/2023,CUST930,MALE,54,CLOTHING,4,50,200,894,155580,45-54,278,50410
583,6/21/2023,CUST583,FEMALE,24,ELECTRONICS,4,25,100,849,156905,18-24,175,35920
308,8/5/2023,CUST308,FEMALE,34,BEAUTY,4,300,1200,771,143515,25-34,267,51850
830,6/22/2023,CUST830,FEMALE,64,CLOTHING,3,50,150,894,155580,55+,265,45280
845,1/6/2023,CUST845,MALE,54,CLOTHING,1,500,500,894,155580,45-54,278,50410
508,8/11/2023,CUST508,MALE,58,BEAUTY,2,300,600,771,143515,55+,250,44910
603,7/16/2023,CUST603,FEMALE,40,CLOTHING,3,30,90,894,155580,35-44,291,52965
919,9/9/2023,CUST919,FEMALE,22,BEAUTY,2,25,50,771,143515,18-24,175,35920
241,9/21/2023,CUST241,FEMALE,23,ELECTRONICS,3,25,75,849,156905,18-24,175,35920
129,4/23/2023,CUST129,FEMALE,21,BEAUTY,2,300,600,771,143515,18-24,175,35920
783,12/17/2023,CUST783,FEMALE,56,CLOTHING,1,300,300,894,155580,55+,265,45280
708,1/14/2023,CUST708,FEMALE,43,BEAUTY,3,300,900,771,143515,35-44,291,52965
903,4/27/2023,CUST903,FEMALE,51,BEAUTY,4,50,200,771,143515,45-54,300,46825
329,1/30/2023,CUST329,FEMALE,46,ELECTRONICS,4,25,100,849,156905,45-54,300,46825
541,7/29/2023,CUST541,MALE,56,BEAUTY,1,500,500,771,143515,55+,250,44910
908,12/29/2023,CUST908,MALE,46,BEAUTY,4,300,1200,771,143515,45-54,278,50410
803,11/22/2023,CUST803,MALE,39,CLOTHING,4,25,100,894,155580,35-44,242,43870
229,10/29/2023,CUST229,MALE,58,BEAUTY,3,30,90,771,143515,55+,250,44910
683,1/4/2023,CUST683,MALE,38,BEAUTY,2,500,1000,771,143515,35-44,242,43870
118,5/16/2023,CUST118,FEMALE,30,ELECTRONICS,4,500,2000,849,156905,25-34,267,51850
529,8/9/2023,CUST529,FEMALE,35,CLOTHING,3,50,150,894,155580,35-44,291,52965
441,10/10/2023,CUST441,MALE,57,BEAUTY,4,300,1200,771,143515,55+,250,44910
429,12/28/2023,CUST429,MALE,64,ELECTRONICS,2,25,50,849,156905,55+,250,44910
218,9/22/2023,CUST218,MALE,64,BEAUTY,3,30,90,771,143515,55+,250,44910
729,5/23/2023,CUST729,MALE,29,CLOTHING,4,300,1200,894,155580,25-34,255,45240
518,5/11/2023,CUST518,FEMALE,40,CLOTHING,1,30,30,894,155580,35-44,291,52965
629,6/12/2023,CUST629,MALE,62,ELECTRONICS,2,25,50,849,156905,55+,250,44910
31,5/23/2023,CUST031,MALE,44,ELECTRONICS,4,300,1200,849,156905,35-44,242,43870
883,5/9/2023,CUST883,MALE,40,ELECTRONICS,1,500,500,849,156905,35-44,242,43870
418,8/5/2023,CUST418,FEMALE,60,ELECTRONICS,2,500,1000,849,156905,55+,265,45280
641,11/23/2023,CUST641,FEMALE,40,ELECTRONICS,1,300,300,849,156905,35-44,291,52965
929,1/27/2023,CUST929,FEMALE,23,BEAUTY,3,25,75,771,143515,18-24,175,35920
41,2/22/2023,CUST041,MALE,34,CLOTHING,2,25,50,894,155580,25-34,255,45240
941,3/19/2023,CUST941,FEMALE,57,CLOTHING,2,25,50,894,155580,55+,265,45280
51,10/2/2023,CUST051,MALE,27,BEAUTY,3,25,75,771,143515,25-34,255,45240
239,6/19/2023,CUST239,MALE,38,ELECTRONICS,3,500,1500,849,156905,35-44,242,43870
918,11/23/2023,CUST918,FEMALE,42,ELECTRONICS,3,30,90,849,156905,35-44,291,52965
61,4/9/2023,CUST061,MALE,21,BEAUTY,4,50,200,771,143515,18-24,191,38730
818,5/18/2023,CUST818,MALE,30,ELECTRONICS,1,500,500,849,156905,25-34,255,45240
228,4/28/2023,CUST228,FEMALE,59,ELECTRONICS,2,30,60,849,156905,55+,265,45280
71,7/14/2023,CUST071,FEMALE,51,BEAUTY,4,25,100,771,143515,45-54,300,46825
29,8/18/2023,CUST029,FEMALE,42,ELECTRONICS,1,30,30,849,156905,35-44,291,52965
81,5/17/2023,CUST081,MALE,40,ELECTRONICS,1,50,50,849,156905,35-44,242,43870
128,7/5/2023,CUST128,MALE,25,BEAUTY,1,500,500,771,143515,25-34,255,45240
91,3/25/2023,CUST091,FEMALE,55,ELECTRONICS,1,500,500,849,156905,55+,265,45280
428,10/10/2023,CUST428,FEMALE,40,ELECTRONICS,4,50,200,849,156905,35-44,291,52965
139,12/15/2023,CUST139,MALE,36,BEAUTY,4,500,2000,771,143515,35-44,242,43870
39,4/21/2023,CUST039,MALE,23,CLOTHING,4,30,120,894,155580,18-24,191,38730
439,7/9/2023,CUST439,MALE,50,CLOTHING,3,25,75,894,155580,45-54,278,50410
628,11/1/2023,CUST628,FEMALE,19,BEAUTY,4,50,200,771,143515,18-24,175,35920
49,1/23/2023,CUST049,FEMALE,54,ELECTRONICS,2,500,1000,849,156905,45-54,300,46825
339,3/3/2023,CUST339,FEMALE,22,ELECTRONICS,2,25,50,849,156905,18-24,175,35920
197,3/6/2023,CUST197,FEMALE,42,CLOTHING,4,50,200,894,155580,35-44,291,52965
59,7/5/2023,CUST059,MALE,62,CLOTHING,1,50,50,894,155580,55+,250,44910
639,5/13/2023,CUST639,FEMALE,62,BEAUTY,4,50,200,771,143515,55+,265,45280
828,12/9/2023,CUST828,FEMALE,33,ELECTRONICS,4,300,1200,849,156905,25-34,267,51850
497,10/2/2023,CUST497,MALE,41,CLOTHING,4,30,120,894,155580,35-44,242,43870
79,4/18/2023,CUST079,MALE,34,BEAUTY,1,300,300,771,143515,25-34,255,45240
839,6/24/2023,CUST839,FEMALE,20,ELECTRONICS,4,300,1200,849,156905,18-24,175,35920
928,4/5/2023,CUST928,FEMALE,35,CLOTHING,4,300,1200,894,155580,35-44,291,52965
89,10/1/2023,CUST089,FEMALE,55,ELECTRONICS,4,500,2000,849,156905,55+,265,45280
397,3/10/2023,CUST397,FEMALE,30,BEAUTY,1,25,25,771,143515,25-34,267,51850
99,12/17/2023,CUST099,FEMALE,50,ELECTRONICS,4,300,1200,849,156905,45-54,300,46825
939,12/18/2023,CUST939,FEMALE,46,ELECTRONICS,1,300,300,849,156905,45-54,300,46825
338,7/26/2023,CUST338,MALE,54,BEAUTY,2,50,100,771,143515,45-54,278,50410
293,5/2/2023,CUST293,MALE,50,ELECTRONICS,3,30,90,849,156905,45-54,278,50410
538,9/17/2023,CUST538,MALE,18,CLOTHING,3,50,150,894,155580,18-24,191,38730
193,2/13/2023,CUST193,MALE,35,BEAUTY,3,500,1500,771,143515,35-44,242,43870
455,7/1/2023,CUST455,MALE,31,ELECTRONICS,4,25,100,849,156905,25-34,255,45240
349,10/26/2023,CUST349,FEMALE,57,BEAUTY,1,50,50,771,143515,55+,265,45280
493,11/25/2023,CUST493,MALE,41,BEAUTY,2,25,50,771,143515,35-44,242,43870
107,2/3/2023,CUST107,FEMALE,21,CLOTHING,4,300,1200,894,155580,18-24,175,35920
249,10/20/2023,CUST249,MALE,20,CLOTHING,1,50,50,894,155580,18-24,191,38730
393,10/11/2023,CUST393,FEMALE,22,BEAUTY,2,500,1000,771,143515,18-24,175,35920
597,8/22/2023,CUST597,MALE,22,BEAUTY,4,300,1200,771,143515,18-24,191,38730
549,8/4/2023,CUST549,FEMALE,50,BEAUTY,2,50,100,771,143515,45-54,300,46825
355,12/9/2023,CUST355,FEMALE,55,ELECTRONICS,1,500,500,849,156905,55+,265,45280
307,5/27/2023,CUST307,FEMALE,26,ELECTRONICS,2,25,50,849,156905,25-34,267,51850
838,5/13/2023,CUST838,MALE,47,ELECTRONICS,2,300,600,849,156905,45-54,278,50410
113,9/13/2023,CUST113,FEMALE,41,ELECTRONICS,2,25,50,849,156905,35-44,291,52965
351,9/25/2023,CUST351,FEMALE,56,CLOTHING,3,30,90,894,155580,55+,265,45280
507,11/2/2023,CUST507,FEMALE,37,ELECTRONICS,3,500,1500,849,156905,35-44,291,52965
482,4/27/2023,CUST482,FEMALE,28,CLOTHING,4,300,1200,894,155580,25-34,267,51850
655,6/13/2023,CUST655,FEMALE,55,CLOTHING,1,500,500,894,155580,55+,265,45280
240,2/6/2023,CUST240,FEMALE,23,BEAUTY,1,300,300,771,143515,18-24,175,35920
413,9/8/2023,CUST413,FEMALE,44,BEAUTY,3,25,75,771,143515,35-44,291,52965
793,2/5/2023,CUST793,MALE,54,BEAUTY,1,30,30,771,143515,45-54,278,50410
797,1/7/2023,CUST797,MALE,40,CLOTHING,3,25,75,894,155580,35-44,242,43870
551,7/14/2023,CUST551,MALE,45,ELECTRONICS,3,300,900,849,156905,45-54,278,50410
407,6/25/2023,CUST407,FEMALE,46,ELECTRONICS,3,300,900,849,156905,45-54,300,46825
555,10/19/2023,CUST555,MALE,25,BEAUTY,1,300,300,771,143515,25-34,255,45240
440,10/26/2023,CUST440,MALE,64,CLOTHING,2,300,600,894,155580,55+,250,44910
707,10/1/2023,CUST707,FEMALE,26,CLOTHING,1,500,500,894,155580,25-34,267,51850
751,8/31/2023,CUST751,FEMALE,42,CLOTHING,2,25,50,894,155580,35-44,291,52965
340,10/19/2023,CUST340,FEMALE,36,CLOTHING,4,300,1200,894,155580,35-44,291,52965
951,11/2/2023,CUST951,MALE,33,BEAUTY,2,50,100,771,143515,25-34,255,45240
607,3/17/2023,CUST607,MALE,54,CLOTHING,3,25,75,894,155580,45-54,278,50410
855,9/1/2023,CUST855,MALE,54,BEAUTY,1,25,25,771,143515,45-54,278,50410
882,6/6/2023,CUST882,FEMALE,64,ELECTRONICS,2,25,50,849,156905,55+,265,45280
613,4/23/2023,CUST613,FEMALE,52,CLOTHING,3,30,90,894,155580,45-54,300,46825
782,6/4/2023,CUST782,MALE,59,CLOTHING,3,300,900,894,155580,55+,250,44910
997,11/17/2023,CUST997,MALE,52,BEAUTY,3,30,90,771,143515,45-54,278,50410
259,8/9/2023,CUST259,FEMALE,45,CLOTHING,4,50,200,894,155580,45-54,300,46825
840,5/24/2023,CUST840,MALE,62,CLOTHING,2,25,50,894,155580,55+,250,44910
561,5/27/2023,CUST561,FEMALE,64,CLOTHING,4,500,2000,894,155580,55+,265,45280
982,12/19/2023,CUST982,FEMALE,46,BEAUTY,3,30,90,771,143515,45-54,300,46825
461,3/25/2023,CUST461,FEMALE,18,BEAUTY,2,500,1000,771,143515,18-24,175,35920
761,11/7/2023,CUST761,FEMALE,33,CLOTHING,1,500,500,894,155580,25-34,267,51850
813,10/3/2023,CUST813,MALE,52,ELECTRONICS,3,50,150,849,156905,45-54,278,50410
117,3/15/2023,CUST117,MALE,19,ELECTRONICS,2,500,1000,849,156905,18-24,191,38730
913,1/28/2023,CUST913,MALE,29,ELECTRONICS,3,30,90,849,156905,25-34,255,45240
961,6/6/2023,CUST961,MALE,53,BEAUTY,4,50,200,771,143515,45-54,278,50410
392,12/8/2023,CUST392,MALE,27,CLOTHING,2,300,600,894,155580,25-34,255,45240
248,3/9/2023,CUST248,MALE,26,CLOTHING,3,300,900,894,155580,25-34,255,45240
148,5/9/2023,CUST148,MALE,18,CLOTHING,2,30,60,894,155580,18-24,191,38730
448,1/21/2023,CUST448,FEMALE,54,BEAUTY,2,30,60,771,143515,45-54,300,46825
206,8/5/2023,CUST206,MALE,61,CLOTHING,1,25,25,894,155580,55+,250,44910
150,1/6/2023,CUST150,FEMALE,58,ELECTRONICS,4,30,120,849,156905,55+,265,45280
171,11/24/2023,CUST171,FEMALE,52,CLOTHING,3,300,900,894,155580,45-54,300,46825
371,2/21/2023,CUST371,FEMALE,20,BEAUTY,1,25,25,771,143515,18-24,175,35920
671,8/27/2023,CUST671,MALE,62,ELECTRONICS,3,50,150,849,156905,55+,250,44910
771,12/13/2023,CUST771,MALE,24,ELECTRONICS,2,25,50,849,156905,18-24,191,38730
348,12/3/2023,CUST348,FEMALE,35,ELECTRONICS,2,300,600,849,156905,35-44,291,52965
292,2/17/2023,CUST292,MALE,20,BEAUTY,4,300,1200,771,143515,18-24,191,38730
106,5/18/2023,CUST106,FEMALE,46,CLOTHING,1,50,50,894,155580,45-54,300,46825
648,8/14/2023,CUST648,MALE,53,BEAUTY,4,300,1200,771,143515,45-54,278,50410
350,10/17/2023,CUST350,MALE,25,BEAUTY,3,25,75,771,143515,25-34,255,45240
281,5/23/2023,CUST281,FEMALE,29,BEAUTY,4,500,2000,771,143515,25-34,267,51850
406,4/18/2023,CUST406,FEMALE,22,BEAUTY,4,25,100,771,143515,18-24,175,35920
481,6/6/2023,CUST481,FEMALE,43,ELECTRONICS,4,300,1200,849,156905,35-44,291,52965
659,3/19/2023,CUST659,FEMALE,39,ELECTRONICS,1,30,30,849,156905,35-44,291,52965
781,12/23/2023,CUST781,MALE,35,BEAUTY,1,500,500,771,143515,35-44,242,43870
550,12/7/2023,CUST550,MALE,40,CLOTHING,3,300,900,894,155580,35-44,242,43870
417,11/21/2023,CUST417,MALE,43,ELECTRONICS,3,300,900,849,156905,35-44,242,43870
692,9/7/2023,CUST692,FEMALE,64,CLOTHING,2,50,100,894,155580,55+,265,45280
606,5/5/2023,CUST606,MALE,22,ELECTRONICS,1,50,50,849,156905,18-24,191,38730
748,3/20/2023,CUST748,MALE,25,CLOTHING,3,50,150,894,155580,25-34,255,45240
859,8/18/2023,CUST859,FEMALE,56,ELECTRONICS,3,500,1500,849,156905,55+,265,45280
750,3/6/2023,CUST750,FEMALE,35,CLOTHING,3,25,75,894,155580,35-44,291,52965
617,8/26/2023,CUST617,MALE,34,ELECTRONICS,1,30,30,849,156905,25-34,255,45240
759,7/8/2023,CUST759,MALE,49,ELECTRONICS,2,50,100,849,156905,45-54,278,50410
491,5/23/2023,CUST491,FEMALE,60,ELECTRONICS,3,300,900,849,156905,55+,265,45280
650,1/1/2024,CUST650,MALE,55,ELECTRONICS,1,30,30,849,156905,55+,250,44910
950,11/7/2023,CUST950,MALE,36,CLOTHING,3,300,900,894,155580,35-44,242,43870
959,10/29/2023,CUST959,FEMALE,42,ELECTRONICS,2,30,60,849,156905,35-44,291,52965
706,11/15/2023,CUST706,MALE,51,ELECTRONICS,4,25,100,849,156905,45-54,278,50410
591,1/13/2023,CUST591,MALE,53,ELECTRONICS,4,25,100,849,156905,45-54,278,50410
260,7/1/2023,CUST260,MALE,28,BEAUTY,2,30,60,771,143515,25-34,255,45240
891,4/5/2023,CUST891,MALE,41,ELECTRONICS,3,300,900,849,156905,35-44,242,43870
158,2/27/2023,CUST158,FEMALE,44,ELECTRONICS,2,300,600,849,156905,35-44,291,52965
360,3/9/2023,CUST360,MALE,42,CLOTHING,4,25,100,894,155580,35-44,242,43870
286,10/9/2023,CUST286,MALE,55,ELECTRONICS,2,25,50,849,156905,55+,250,44910
560,6/5/2023,CUST560,FEMALE,25,ELECTRONICS,1,50,50,849,156905,25-34,267,51850
369,11/15/2023,CUST369,MALE,23,ELECTRONICS,3,500,1500,849,156905,18-24,191,38730
358,5/16/2023,CUST358,FEMALE,32,BEAUTY,1,300,300,771,143515,25-34,267,51850
760,3/27/2023,CUST760,MALE,27,BEAUTY,1,500,500,771,143515,25-34,255,45240
569,8/15/2023,CUST569,MALE,52,ELECTRONICS,4,50,200,849,156905,45-54,278,50410
960,8/8/2023,CUST960,MALE,59,CLOTHING,2,30,60,894,155580,55+,250,44910
258,12/4/2023,CUST258,FEMALE,37,CLOTHING,1,50,50,894,155580,35-44,291,52965
386,12/27/2023,CUST386,FEMALE,54,ELECTRONICS,2,300,600,849,156905,45-54,300,46825
327,9/29/2023,CUST327,MALE,57,ELECTRONICS,3,50,150,849,156905,55+,250,44910
170,6/2/2023,CUST170,FEMALE,25,CLOTHING,2,25,50,894,155580,25-34,267,51850
144,7/15/2023,CUST144,FEMALE,59,BEAUTY,3,500,1500,771,143515,55+,265,45280
469,5/8/2023,CUST469,MALE,18,BEAUTY,3,25,75,771,143515,18-24,191,38730
686,7/19/2023,CUST686,FEMALE,28,ELECTRONICS,4,50,200,849,156905,25-34,267,51850
731,5/10/2023,CUST731,MALE,54,CLOTHING,4,500,2000,894,155580,45-54,278,50410
403,5/20/2023,CUST403,MALE,32,CLOTHING,2,300,600,894,155580,25-34,255,45240
608,12/2/2023,CUST608,FEMALE,55,ELECTRONICS,3,500,1500,849,156905,55+,265,45280
11,2/14/2023,CUST011,MALE,23,CLOTHING,2,50,100,894,155580,18-24,191,38730
19,9/16/2023,CUST019,FEMALE,62,CLOTHING,2,25,50,894,155580,55+,265,45280
297,9/4/2023,CUST297,FEMALE,40,ELECTRONICS,2,500,1000,849,156905,35-44,291,52965
328,3/22/2023,CUST328,MALE,39,BEAUTY,2,50,100,771,143515,35-44,242,43870
69,4/30/2023,CUST069,FEMALE,56,BEAUTY,3,25,75,771,143515,55+,265,45280
255,4/8/2023,CUST255,MALE,48,CLOTHING,1,30,30,894,155580,45-54,278,50410
897,9/26/2023,CUST897,FEMALE,64,ELECTRONICS,2,50,100,849,156905,55+,265,45280
893,4/21/2023,CUST893,MALE,49,ELECTRONICS,1,50,50,849,156905,45-54,278,50410
140,8/5/2023,CUST140,MALE,38,ELECTRONICS,1,30,30,849,156905,35-44,242,43870
849,5/4/2023,CUST849,MALE,32,CLOTHING,2,25,50,894,155580,25-34,255,45240
159,5/31/2023,CUST159,MALE,26,CLOTHING,4,50,200,894,155580,25-34,255,45240
261,8/5/2023,CUST261,MALE,21,CLOTHING,2,25,50,894,155580,18-24,191,38730
955,7/14/2023,CUST955,MALE,58,CLOTHING,1,25,25,894,155580,55+,250,44910
713,1/14/2023,CUST713,MALE,34,BEAUTY,3,25,75,771,143515,25-34,255,45240
571,12/12/2023,CUST571,FEMALE,41,ELECTRONICS,1,50,50,849,156905,35-44,291,52965
450,4/18/2023,CUST450,FEMALE,59,BEAUTY,2,25,50,771,143515,55+,265,45280
992,8/21/2023,CUST992,FEMALE,57,ELECTRONICS,2,30,60,849,156905,55+,265,45280
391,1/5/2023,CUST391,MALE,19,BEAUTY,2,25,50,771,143515,18-24,191,38730
717,3/11/2023,CUST717,MALE,57,CLOTHING,1,500,500,894,155580,55+,250,44910
160,8/11/2023,CUST160,FEMALE,43,CLOTHING,2,50,100,894,155580,35-44,291,52965
906,6/4/2023,CUST906,FEMALE,20,CLOTHING,1,50,50,894,155580,18-24,175,35920
660,4/29/2023,CUST660,FEMALE,38,BEAUTY,2,500,1000,771,143515,35-44,291,52965
486,4/9/2023,CUST486,FEMALE,35,ELECTRONICS,1,25,25,849,156905,35-44,291,52965
116,8/23/2023,CUST116,FEMALE,23,CLOTHING,1,30,30,894,155580,18-24,175,35920
238,1/17/2023,CUST238,FEMALE,39,BEAUTY,1,500,500,771,143515,35-44,291,52965
316,4/22/2023,CUST316,FEMALE,48,CLOTHING,2,25,50,894,155580,45-54,300,46825
769,6/9/2023,CUST769,FEMALE,31,ELECTRONICS,4,30,120,849,156905,25-34,267,51850
458,11/14/2023,CUST458,FEMALE,39,ELECTRONICS,4,25,100,849,156905,35-44,291,52965
202,3/26/2023,CUST202,FEMALE,34,CLOTHING,4,300,1200,894,155580,25-34,267,51850
527,4/11/2023,CUST527,MALE,57,CLOTHING,2,25,50,894,155580,55+,250,44910
669,6/19/2023,CUST669,MALE,24,BEAUTY,4,300,1200,771,143515,18-24,191,38730
427,8/15/2023,CUST427,MALE,25,ELECTRONICS,1,25,25,849,156905,25-34,255,45240
344,1/21/2023,CUST344,FEMALE,42,BEAUTY,1,30,30,771,143515,35-44,291,52965
102,4/28/2023,CUST102,FEMALE,47,BEAUTY,2,25,50,771,143515,45-54,300,46825
727,6/22/2023,CUST727,MALE,55,BEAUTY,3,300,900,771,143515,55+,250,44910
644,9/6/2023,CUST644,MALE,23,BEAUTY,3,25,75,771,143515,18-24,191,38730
12,10/30/2023,CUST012,MALE,35,BEAUTY,3,25,75,771,143515,35-44,242,43870
544,12/23/2023,CUST544,FEMALE,27,ELECTRONICS,1,25,25,849,156905,25-34,267,51850
844,10/12/2023,CUST844,MALE,35,CLOTHING,3,50,150,894,155580,35-44,242,43870
716,8/8/2023,CUST716,FEMALE,60,CLOTHING,4,300,1200,894,155580,55+,265,45280
858,9/9/2023,CUST858,MALE,23,ELECTRONICS,2,50,100,849,156905,18-24,191,38730
279,8/5/2023,CUST279,MALE,50,CLOTHING,1,500,500,894,155580,45-54,278,50410
72,5/23/2023,CUST072,FEMALE,20,ELECTRONICS,4,500,2000,849,156905,18-24,175,35920
616,9/23/2023,CUST616,MALE,41,CLOTHING,2,50,100,894,155580,35-44,242,43870
479,8/24/2023,CUST479,MALE,52,ELECTRONICS,4,300,1200,849,156905,45-54,278,50410
916,12/24/2023,CUST916,FEMALE,32,ELECTRONICS,1,50,50,849,156905,25-34,267,51850
237,2/4/2023,CUST237,FEMALE,50,BEAUTY,2,500,1000,771,143515,45-54,300,46825
802,7/5/2023,CUST802,FEMALE,46,BEAUTY,1,30,30,771,143515,45-54,300,46825
165,9/14/2023,CUST165,FEMALE,60,CLOTHING,4,300,1200,894,155580,55+,265,45280
379,2/5/2023,CUST379,FEMALE,47,CLOTHING,1,25,25,894,155580,45-54,300,46825
944,6/5/2023,CUST944,MALE,44,CLOTHING,2,25,50,894,155580,35-44,242,43870
365,6/11/2023,CUST365,MALE,31,CLOTHING,1,300,300,894,155580,25-34,255,45240
137,11/18/2023,CUST137,MALE,46,BEAUTY,2,500,1000,771,143515,45-54,278,50410
702,7/27/2023,CUST702,FEMALE,60,CLOTHING,2,300,600,894,155580,55+,265,45280
902,6/1/2023,CUST902,FEMALE,54,BEAUTY,1,50,50,771,143515,45-54,300,46825
565,11/7/2023,CUST565,FEMALE,45,BEAUTY,2,30,60,771,143515,45-54,300,46825
437,10/7/2023,CUST437,FEMALE,35,ELECTRONICS,4,300,1200,849,156905,35-44,291,52965
323,1/26/2023,CUST323,FEMALE,29,BEAUTY,3,300,900,771,143515,25-34,267,51850
223,2/2/2023,CUST223,FEMALE,64,CLOTHING,1,25,25,894,155580,55+,265,45280
296,9/6/2023,CUST296,FEMALE,22,CLOTHING,4,300,1200,894,155580,18-24,175,35920
765,6/9/2023,CUST765,MALE,43,CLOTHING,4,50,200,894,155580,35-44,242,43870
596,2/7/2023,CUST596,FEMALE,64,ELECTRONICS,1,300,300,849,156905,55+,265,45280
779,5/5/2023,CUST779,FEMALE,56,ELECTRONICS,2,500,1000,849,156905,55+,265,45280
368,8/23/2023,CUST368,FEMALE,56,CLOTHING,4,300,1200,894,155580,55+,265,45280
112,12/2/2023,CUST112,MALE,37,CLOTHING,3,500,1500,894,155580,35-44,242,43870
126,10/26/2023,CUST126,FEMALE,28,CLOTHING,3,30,90,894,155580,25-34,267,51850
837,7/1/2023,CUST837,MALE,18,BEAUTY,3,30,90,771,143515,18-24,191,38730
496,12/14/2023,CUST496,MALE,23,CLOTHING,2,300,600,894,155580,18-24,191,38730
979,1/2/2023,CUST979,FEMALE,19,BEAUTY,1,25,25,771,143515,18-24,175,35920
723,6/17/2023,CUST723,FEMALE,54,BEAUTY,4,50,200,771,143515,45-54,300,46825
796,6/24/2023,CUST796,MALE,43,BEAUTY,4,30,120,771,143515,35-44,242,43870
937,10/23/2023,CUST937,FEMALE,62,BEAUTY,1,500,500,771,143515,55+,265,45280
554,11/12/2023,CUST554,FEMALE,46,BEAUTY,3,50,150,771,143515,45-54,300,46825
326,9/15/2023,CUST326,FEMALE,18,CLOTHING,3,25,75,894,155580,18-24,175,35920
389,12/1/2023,CUST389,MALE,21,CLOTHING,2,25,50,894,155580,18-24,191,38730
923,5/26/2023,CUST923,MALE,32,BEAUTY,3,300,900,771,143515,25-34,255,45240
868,12/6/2023,CUST868,FEMALE,25,ELECTRONICS,1,300,300,849,156905,25-34,267,51850
589,4/12/2023,CUST589,FEMALE,36,BEAUTY,2,500,1000,771,143515,35-44,291,52965
347,8/3/2023,CUST347,MALE,42,ELECTRONICS,1,25,25,849,156905,35-44,242,43870
23,4/12/2023,CUST023,FEMALE,35,CLOTHING,4,30,120,894,155580,35-44,291,52965
33,3/23/2023,CUST033,FEMALE,50,ELECTRONICS,2,50,100,849,156905,45-54,300,46825
896,10/29/2023,CUST896,FEMALE,30,ELECTRONICS,2,25,50,849,156905,25-34,267,51850
789,9/30/2023,CUST789,FEMALE,61,CLOTHING,4,500,2000,894,155580,55+,265,45280
920,2/22/2023,CUST920,FEMALE,28,BEAUTY,3,25,75,771,143515,25-34,267,51850
303,1/2/2023,CUST303,MALE,19,ELECTRONICS,3,30,90,849,156905,18-24,191,38730
931,9/2/2023,CUST931,MALE,30,BEAUTY,4,30,120,771,143515,25-34,255,45240
38,3/21/2023,CUST038,MALE,38,BEAUTY,4,50,200,771,143515,35-44,242,43870
78,7/1/2023,CUST078,FEMALE,47,CLOTHING,3,500,1500,894,155580,45-54,300,46825
872,10/11/2023,CUST872,FEMALE,63,BEAUTY,3,25,75,771,143515,55+,265,45280
108,4/19/2023,CUST108,FEMALE,27,BEAUTY,3,25,75,771,143515,25-34,267,51850
341,5/7/2023,CUST341,MALE,31,CLOTHING,4,50,200,894,155580,25-34,255,45240
483,4/25/2023,CUST483,MALE,55,CLOTHING,1,30,30,894,155580,55+,250,44910
808,4/1/2023,CUST808,MALE,33,BEAUTY,4,500,2000,771,143515,25-34,255,45240
318,10/24/2023,CUST318,MALE,61,CLOTHING,1,25,25,894,155580,55+,250,44910
983,11/1/2023,CUST983,FEMALE,29,CLOTHING,1,300,300,894,155580,25-34,267,51850
741,11/30/2023,CUST741,MALE,48,CLOTHING,1,300,300,894,155580,45-54,278,50410
718,8/25/2023,CUST718,FEMALE,59,BEAUTY,3,25,75,771,143515,55+,265,45280
829,7/14/2023,CUST829,MALE,61,BEAUTY,3,30,90,771,143515,55+,250,44910
618,1/26/2023,CUST618,FEMALE,27,BEAUTY,1,50,50,771,143515,25-34,267,51850
841,11/2/2023,CUST841,MALE,31,ELECTRONICS,4,25,100,849,156905,25-34,255,45240
528,7/6/2023,CUST528,FEMALE,36,CLOTHING,2,30,60,894,155580,35-44,291,52965
539,6/8/2023,CUST539,MALE,25,BEAUTY,1,500,500,771,143515,25-34,255,45240
728,7/14/2023,CUST728,MALE,51,ELECTRONICS,3,50,150,849,156905,45-54,278,50410
739,11/29/2023,CUST739,MALE,36,BEAUTY,1,25,25,771,143515,35-44,242,43870
138,3/23/2023,CUST138,MALE,49,CLOTHING,4,50,200,894,155580,45-54,278,50410
155,5/17/2023,CUST155,MALE,31,ELECTRONICS,4,500,2000,849,156905,25-34,255,45240
697,1/15/2023,CUST697,MALE,53,CLOTHING,1,500,500,894,155580,45-54,278,50410
149,10/11/2023,CUST149,MALE,22,CLOTHING,3,25,75,894,155580,18-24,191,38730
438,1/19/2023,CUST438,FEMALE,42,CLOTHING,1,30,30,894,155580,35-44,291,52965
738,4/25/2023,CUST738,MALE,41,CLOTHING,2,50,100,894,155580,35-44,242,43870
213,7/24/2023,CUST213,MALE,27,BEAUTY,3,500,1500,771,143515,25-34,255,45240
251,8/31/2023,CUST251,FEMALE,57,BEAUTY,4,50,200,771,143515,55+,265,45280
638,8/19/2023,CUST638,MALE,46,ELECTRONICS,1,500,500,849,156905,45-54,278,50410
938,11/19/2023,CUST938,MALE,49,CLOTHING,4,50,200,894,155580,45-54,278,50410
151,12/15/2023,CUST151,MALE,29,CLOTHING,1,50,50,894,155580,25-34,255,45240
693,4/23/2023,CUST693,MALE,41,BEAUTY,3,500,1500,771,143515,35-44,242,43870
449,7/3/2023,CUST449,MALE,25,ELECTRONICS,4,50,200,849,156905,25-34,255,45240
451,12/16/2023,CUST451,FEMALE,45,ELECTRONICS,1,30,30,849,156905,45-54,300,46825
207,4/19/2023,CUST207,FEMALE,42,BEAUTY,2,25,50,771,143515,35-44,291,52965
282,8/25/2023,CUST282,FEMALE,64,ELECTRONICS,4,50,200,849,156905,55+,265,45280
593,5/6/2023,CUST593,MALE,35,ELECTRONICS,2,30,60,849,156905,35-44,242,43870
749,5/3/2023,CUST749,MALE,42,BEAUTY,1,30,30,771,143515,35-44,242,43870
182,6/15/2023,CUST182,MALE,62,BEAUTY,4,30,120,771,143515,55+,250,44910
651,5/27/2023,CUST651,MALE,51,CLOTHING,3,50,150,894,155580,45-54,278,50410
382,5/26/2023,CUST382,FEMALE,53,CLOTHING,2,500,1000,894,155580,45-54,300,46825
649,2/9/2023,CUST649,FEMALE,58,CLOTHING,2,300,600,894,155580,55+,265,45280
682,9/2/2023,CUST682,MALE,46,BEAUTY,4,300,1200,771,143515,45-54,278,50410
851,9/8/2023,CUST851,MALE,32,ELECTRONICS,2,25,50,849,156905,25-34,255,45240
949,8/2/2023,CUST949,FEMALE,41,ELECTRONICS,2,25,50,849,156905,35-44,291,52965
993,2/6/2023,CUST993,FEMALE,48,ELECTRONICS,3,50,150,849,156905,45-54,300,46825
582,11/14/2023,CUST582,MALE,35,CLOTHING,3,300,900,894,155580,35-44,242,43870
313,3/21/2023,CUST313,FEMALE,55,BEAUTY,3,500,1500,771,143515,55+,265,45280
907,1/8/2023,CUST907,FEMALE,45,ELECTRONICS,1,25,25,849,156905,45-54,300,46825
640,5/7/2023,CUST640,FEMALE,51,ELECTRONICS,4,30,120,849,156905,45-54,300,46825
807,8/11/2023,CUST807,FEMALE,50,ELECTRONICS,4,50,200,849,156905,45-54,300,46825
161,3/22/2023,CUST161,MALE,64,BEAUTY,2,500,1000,771,143515,55+,250,44910
361,12/10/2023,CUST361,FEMALE,34,ELECTRONICS,4,300,1200,849,156905,25-34,267,51850
540,12/8/2023,CUST540,FEMALE,46,ELECTRONICS,3,300,900,849,156905,45-54,300,46825
459,3/21/2023,CUST459,MALE,28,CLOTHING,4,300,1200,894,155580,25-34,255,45240
217,8/13/2023,CUST217,FEMALE,35,ELECTRONICS,4,50,200,849,156905,35-44,291,52965
513,9/19/2023,CUST513,MALE,24,ELECTRONICS,4,25,100,849,156905,18-24,191,38730
740,2/5/2023,CUST740,FEMALE,25,BEAUTY,4,50,200,771,143515,25-34,267,51850
359,7/22/2023,CUST359,MALE,50,CLOTHING,1,50,50,894,155580,45-54,278,50410
940,1/28/2023,CUST940,FEMALE,20,ELECTRONICS,1,30,30,849,156905,18-24,175,35920
192,2/10/2023,CUST192,MALE,62,BEAUTY,2,50,100,771,143515,55+,250,44910
861,2/17/2023,CUST861,FEMALE,41,CLOTHING,3,30,90,894,155580,35-44,291,52965
271,6/23/2023,CUST271,FEMALE,62,BEAUTY,4,30,120,771,143515,55+,265,45280
471,3/23/2023,CUST471,MALE,32,CLOTHING,3,50,150,894,155580,25-34,255,45240
971,12/5/2023,CUST971,FEMALE,27,ELECTRONICS,4,50,200,849,156905,25-34,267,51850
181,11/3/2023,CUST181,MALE,19,ELECTRONICS,4,300,1200,849,156905,18-24,191,38730
592,1/24/2023,CUST592,FEMALE,46,BEAUTY,4,500,2000,771,143515,45-54,300,46825
381,7/9/2023,CUST381,FEMALE,44,CLOTHING,4,25,100,894,155580,35-44,291,52965
492,6/29/2023,CUST492,MALE,61,BEAUTY,4,25,100,771,143515,55+,250,44910
581,11/21/2023,CUST581,FEMALE,48,BEAUTY,2,30,60,771,143515,45-54,300,46825
548,4/9/2023,CUST548,FEMALE,51,CLOTHING,2,30,60,894,155580,45-54,300,46825
250,10/23/2023,CUST250,MALE,48,ELECTRONICS,1,50,50,849,156905,45-54,278,50410
792,7/9/2023,CUST792,FEMALE,20,BEAUTY,1,50,50,771,143515,18-24,175,35920
306,8/21/2023,CUST306,MALE,54,ELECTRONICS,1,50,50,849,156905,45-54,278,50410
848,2/13/2023,CUST848,FEMALE,63,CLOTHING,3,25,75,894,155580,55+,265,45280
681,7/14/2023,CUST681,FEMALE,43,ELECTRONICS,2,30,60,849,156905,35-44,291,52965
559,1/1/2023,CUST559,FEMALE,40,CLOTHING,4,300,1200,894,155580,35-44,291,52965
981,8/19/2023,CUST981,FEMALE,30,ELECTRONICS,2,30,60,849,156905,25-34,267,51850
317,1/30/2023,CUST317,MALE,22,ELECTRONICS,3,30,90,849,156905,18-24,191,38730
881,5/19/2023,CUST881,MALE,22,ELECTRONICS,1,300,300,849,156905,18-24,191,38730
191,10/18/2023,CUST191,MALE,64,BEAUTY,1,25,25,771,143515,55+,250,44910
506,2/25/2023,CUST506,MALE,34,BEAUTY,3,500,1500,771,143515,25-34,255,45240
892,4/9/2023,CUST892,MALE,20,ELECTRONICS,1,50,50,849,156905,18-24,191,38730
806,3/20/2023,CUST806,FEMALE,35,BEAUTY,3,300,900,771,143515,35-44,291,52965
517,4/8/2023,CUST517,FEMALE,47,CLOTHING,4,25,100,894,155580,45-54,300,46825
817,10/31/2023,CUST817,MALE,30,BEAUTY,4,50,200,771,143515,25-34,255,45240
691,4/23/2023,CUST691,FEMALE,51,CLOTHING,3,30,90,894,155580,45-54,300,46825
948,10/13/2023,CUST948,FEMALE,23,ELECTRONICS,3,25,75,849,156905,18-24,175,35920
850,7/28/2023,CUST850,FEMALE,26,BEAUTY,2,500,1000,771,143515,25-34,267,51850
917,3/6/2023,CUST917,FEMALE,57,ELECTRONICS,4,50,200,849,156905,55+,265,45280
460,5/2/2023,CUST460,MALE,40,BEAUTY,1,50,50,771,143515,35-44,242,43870
791,12/5/2023,CUST791,FEMALE,51,BEAUTY,1,25,25,771,143515,45-54,300,46825
991,12/26/2023,CUST991,FEMALE,34,CLOTHING,2,50,100,894,155580,25-34,267,51850
169,11/17/2023,CUST169,MALE,18,BEAUTY,3,500,1500,771,143515,18-24,191,38730
860,1/9/2023,CUST860,MALE,63,CLOTHING,4,50,200,894,155580,55+,250,44910
127,7/24/2023,CUST127,FEMALE,33,CLOTHING,2,25,50,894,155580,25-34,267,51850
269,2/1/2023,CUST269,MALE,25,CLOTHING,4,500,2000,894,155580,25-34,255,45240
558,10/8/2023,CUST558,FEMALE,41,CLOTHING,1,25,25,894,155580,35-44,291,52965
370,10/16/2023,CUST370,MALE,23,ELECTRONICS,2,30,60,849,156905,18-24,191,38730
270,7/26/2023,CUST270,MALE,43,ELECTRONICS,1,300,300,849,156905,35-44,242,43870
444,3/7/2023,CUST444,FEMALE,61,CLOTHING,3,30,90,894,155580,55+,265,45280
570,8/15/2023,CUST570,MALE,49,CLOTHING,1,500,500,894,155580,45-54,278,50410
470,5/17/2023,CUST470,FEMALE,57,CLOTHING,2,500,1000,894,155580,55+,265,45280
586,12/11/2023,CUST586,MALE,50,ELECTRONICS,1,50,50,849,156905,45-54,278,50410
216,7/11/2023,CUST216,MALE,62,ELECTRONICS,2,50,100,849,156905,55+,250,44910
770,10/22/2023,CUST770,MALE,32,CLOTHING,1,50,50,894,155580,25-34,255,45240
670,10/5/2023,CUST670,MALE,27,BEAUTY,1,30,30,771,143515,25-34,255,45240
758,5/12/2023,CUST758,MALE,64,CLOTHING,4,25,100,894,155580,55+,250,44910
969,4/19/2023,CUST969,FEMALE,40,CLOTHING,3,300,900,894,155580,35-44,291,52965
970,5/16/2023,CUST970,MALE,59,ELECTRONICS,4,500,2000,849,156905,55+,250,44910
870,7/8/2023,CUST870,FEMALE,46,ELECTRONICS,4,30,120,849,156905,45-54,300,46825
516,10/23/2023,CUST516,MALE,30,BEAUTY,4,25,100,771,143515,25-34,255,45240
869,10/25/2023,CUST869,MALE,37,BEAUTY,3,500,1500,771,143515,35-44,242,43870
402,3/21/2023,CUST402,FEMALE,41,CLOTHING,2,300,600,894,155580,35-44,291,52965
627,10/14/2023,CUST627,MALE,57,CLOTHING,1,50,50,894,155580,55+,250,44910
658,3/12/2023,CUST658,MALE,59,CLOTHING,1,25,25,894,155580,55+,250,44910
786,10/17/2023,CUST786,MALE,48,CLOTHING,4,25,100,894,155580,45-54,278,50410
22,10/15/2023,CUST022,MALE,18,CLOTHING,2,50,100,894,155580,18-24,191,38730
32,1/4/2023,CUST032,MALE,30,BEAUTY,3,30,90,771,143515,25-34,255,45240
302,7/14/2023,CUST302,MALE,57,BEAUTY,2,300,600,771,143515,55+,250,44910
958,6/2/2023,CUST958,MALE,62,ELECTRONICS,2,25,50,849,156905,55+,250,44910
42,2/17/2023,CUST042,MALE,22,CLOTHING,3,300,900,894,155580,18-24,191,38730
927,6/24/2023,CUST927,MALE,43,ELECTRONICS,4,500,2000,849,156905,35-44,242,43870
52,3/5/2023,CUST052,FEMALE,36,BEAUTY,1,300,300,771,143515,35-44,291,52965
827,11/9/2023,CUST827,MALE,61,BEAUTY,3,300,900,771,143515,55+,250,44910
62,12/27/2023,CUST062,MALE,18,BEAUTY,2,50,100,771,143515,18-24,191,38730
986,1/17/2023,CUST986,FEMALE,49,CLOTHING,2,500,1000,894,155580,45-54,300,46825
179,9/29/2023,CUST179,MALE,31,ELECTRONICS,1,300,300,849,156905,25-34,255,45240
744,5/7/2023,CUST744,MALE,40,ELECTRONICS,1,25,25,849,156905,35-44,242,43870
92,8/25/2023,CUST092,FEMALE,51,ELECTRONICS,4,30,120,849,156905,45-54,300,46825
502,4/2/2023,CUST502,MALE,43,ELECTRONICS,3,50,150,849,156905,35-44,242,43870
816,8/12/2023,CUST816,MALE,47,BEAUTY,2,500,1000,771,143515,45-54,278,50410
268,2/20/2023,CUST268,FEMALE,28,ELECTRONICS,1,30,30,849,156905,25-34,267,51850
196,9/30/2023,CUST196,FEMALE,32,CLOTHING,3,300,900,894,155580,25-34,267,51850
168,2/24/2023,CUST168,MALE,53,CLOTHING,1,300,300,894,155580,45-54,278,50410
579,9/21/2023,CUST579,FEMALE,38,ELECTRONICS,1,30,30,849,156905,35-44,291,52965
396,2/23/2023,CUST396,FEMALE,55,BEAUTY,1,30,30,771,143515,55+,265,45280
465,4/2/2023,CUST465,FEMALE,43,ELECTRONICS,3,50,150,849,156905,35-44,291,52965
337,5/1/2023,CUST337,MALE,38,CLOTHING,1,500,500,894,155580,35-44,242,43870
468,12/9/2023,CUST468,MALE,40,ELECTRONICS,1,25,25,849,156905,35-44,242,43870
154,10/2/2023,CUST154,MALE,51,ELECTRONICS,3,300,900,849,156905,45-54,278,50410
879,12/26/2023,CUST879,MALE,23,CLOTHING,1,30,30,894,155580,18-24,191,38730
637,9/1/2023,CUST637,MALE,43,CLOTHING,2,300,600,894,155580,35-44,242,43870
523,9/24/2023,CUST523,FEMALE,62,ELECTRONICS,1,300,300,849,156905,55+,265,45280
354,4/15/2023,CUST354,FEMALE,49,BEAUTY,4,50,200,771,143515,45-54,300,46825
537,6/3/2023,CUST537,FEMALE,21,BEAUTY,1,500,500,771,143515,18-24,175,35920
665,4/20/2023,CUST665,MALE,57,CLOTHING,1,50,50,894,155580,55+,250,44910
668,7/28/2023,CUST668,FEMALE,62,ELECTRONICS,3,50,150,849,156905,55+,265,45280
965,11/9/2023,CUST965,MALE,22,CLOTHING,4,50,200,894,155580,18-24,191,38730
737,6/29/2023,CUST737,FEMALE,33,CLOTHING,1,50,50,894,155580,25-34,267,51850
312,9/7/2023,CUST312,MALE,41,CLOTHING,4,30,120,894,155580,35-44,242,43870
696,9/6/2023,CUST696,FEMALE,50,CLOTHING,4,50,200,894,155580,45-54,300,46825
147,9/28/2023,CUST147,MALE,23,ELECTRONICS,1,300,300,849,156905,18-24,191,38730
454,2/22/2023,CUST454,FEMALE,46,BEAUTY,1,25,25,771,143515,45-54,300,46825
289,11/30/2023,CUST289,MALE,53,ELECTRONICS,2,30,60,849,156905,45-54,278,50410
823,8/19/2023,CUST823,FEMALE,56,ELECTRONICS,2,50,100,849,156905,55+,265,45280
996,5/16/2023,CUST996,MALE,62,CLOTHING,1,50,50,894,155580,55+,250,44910
768,1/14/2023,CUST768,FEMALE,24,BEAUTY,3,25,75,771,143515,18-24,175,35920
526,12/10/2023,CUST526,MALE,33,CLOTHING,2,50,100,894,155580,25-34,255,45240
105,7/25/2023,CUST105,FEMALE,22,ELECTRONICS,1,500,500,849,156905,18-24,175,35920
489,5/23/2023,CUST489,MALE,44,ELECTRONICS,1,30,30,849,156905,35-44,242,43870
826,10/19/2023,CUST826,FEMALE,46,CLOTHING,1,300,300,894,155580,45-54,300,46825
43,7/14/2023,CUST043,FEMALE,48,CLOTHING,1,300,300,894,155580,45-54,300,46825
654,6/21/2023,CUST654,MALE,42,CLOTHING,3,25,75,894,155580,35-44,242,43870
53,7/13/2023,CUST053,MALE,34,ELECTRONICS,2,50,100,849,156905,25-34,255,45240
755,4/22/2023,CUST755,FEMALE,58,CLOTHING,3,25,75,894,155580,55+,265,45280
871,8/31/2023,CUST871,MALE,62,BEAUTY,2,30,60,771,143515,55+,250,44910
244,12/9/2023,CUST244,MALE,28,BEAUTY,2,50,100,771,143515,25-34,255,45240
886,4/9/2023,CUST886,MALE,37,ELECTRONICS,3,300,900,849,156905,35-44,242,43870
82,12/26/2023,CUST082,FEMALE,32,BEAUTY,4,50,200,771,143515,25-34,267,51850
123,5/15/2023,CUST123,FEMALE,40,ELECTRONICS,2,30,60,849,156905,35-44,291,52965
679,1/11/2023,CUST679,FEMALE,18,BEAUTY,3,30,90,771,143515,18-24,175,35920
226,10/29/2023,CUST226,FEMALE,61,CLOTHING,1,50,50,894,155580,55+,265,45280
423,3/8/2023,CUST423,FEMALE,27,CLOTHING,1,25,25,894,155580,25-34,267,51850
426,3/24/2023,CUST426,MALE,23,ELECTRONICS,3,50,150,849,156905,18-24,191,38730
189,1/30/2023,CUST189,MALE,63,BEAUTY,1,50,50,771,143515,55+,250,44910
865,12/21/2023,CUST865,FEMALE,42,CLOTHING,1,300,300,894,155580,35-44,291,52965
512,11/7/2023,CUST512,FEMALE,57,BEAUTY,1,25,25,771,143515,55+,265,45280
968,11/17/2023,CUST968,FEMALE,48,CLOTHING,3,300,900,894,155580,45-54,300,46825
412,9/16/2023,CUST412,FEMALE,19,ELECTRONICS,4,500,2000,849,156905,18-24,175,35920
547,3/7/2023,CUST547,MALE,63,CLOTHING,4,500,2000,894,155580,55+,250,44910
13,8/5/2023,CUST013,MALE,22,ELECTRONICS,3,500,1500,849,156905,18-24,191,38730
21,1/14/2023,CUST021,FEMALE,50,BEAUTY,1,500,500,771,143515,45-54,300,46825
661,7/16/2023,CUST661,FEMALE,44,CLOTHING,4,25,100,894,155580,35-44,291,52965
291,1/8/2023,CUST291,MALE,60,CLOTHING,2,300,600,894,155580,55+,250,44910
186,7/5/2023,CUST186,MALE,20,CLOTHING,4,50,200,894,155580,18-24,191,38730
227,10/11/2023,CUST227,MALE,36,ELECTRONICS,2,50,100,849,156905,35-44,242,43870
416,2/17/2023,CUST416,MALE,53,ELECTRONICS,4,500,2000,849,156905,45-54,278,50410
602,12/23/2023,CUST602,FEMALE,20,ELECTRONICS,1,300,300,849,156905,18-24,175,35920
265,12/11/2023,CUST265,MALE,55,CLOTHING,3,300,900,894,155580,55+,250,44910
254,7/28/2023,CUST254,MALE,41,ELECTRONICS,1,500,500,849,156905,35-44,242,43870
623,3/10/2023,CUST623,MALE,34,CLOTHING,3,50,150,894,155580,25-34,255,45240
212,6/9/2023,CUST212,MALE,21,CLOTHING,3,500,1500,894,155580,18-24,191,38730
626,9/29/2023,CUST626,FEMALE,26,CLOTHING,4,500,2000,894,155580,25-34,267,51850
754,10/16/2023,CUST754,FEMALE,43,ELECTRONICS,4,25,100,849,156905,35-44,291,52965
247,10/4/2023,CUST247,MALE,41,ELECTRONICS,2,30,60,849,156905,35-44,242,43870
568,8/27/2023,CUST568,FEMALE,51,ELECTRONICS,1,300,300,849,156905,45-54,300,46825
63,2/5/2023,CUST063,MALE,57,ELECTRONICS,2,25,50,849,156905,55+,250,44910
726,6/17/2023,CUST726,MALE,47,CLOTHING,4,300,1200,894,155580,45-54,278,50410
954,9/25/2023,CUST954,FEMALE,50,ELECTRONICS,3,300,900,849,156905,45-54,300,46825
73,8/21/2023,CUST073,MALE,29,ELECTRONICS,3,30,90,849,156905,25-34,255,45240
712,12/6/2023,CUST712,FEMALE,57,BEAUTY,2,25,50,771,143515,55+,265,45280
83,12/16/2023,CUST083,MALE,54,ELECTRONICS,2,50,100,849,156905,45-54,278,50410
926,8/14/2023,CUST926,MALE,22,ELECTRONICS,1,30,30,849,156905,18-24,191,38730
305,5/16/2023,CUST305,FEMALE,18,BEAUTY,1,30,30,771,143515,18-24,175,35920
854,12/20/2023,CUST854,MALE,29,CLOTHING,1,50,50,894,155580,25-34,255,45240
93,7/14/2023,CUST093,FEMALE,35,BEAUTY,4,500,2000,771,143515,35-44,291,52965
689,10/7/2023,CUST689,MALE,57,ELECTRONICS,2,50,100,849,156905,55+,250,44910
178,10/4/2023,CUST178,MALE,40,CLOTHING,2,30,60,894,155580,35-44,242,43870
275,4/8/2023,CUST275,MALE,43,CLOTHING,2,500,1000,894,155580,35-44,242,43870
612,8/6/2023,CUST612,FEMALE,61,ELECTRONICS,1,500,500,849,156905,55+,265,45280
447,7/6/2023,CUST447,MALE,22,BEAUTY,4,500,2000,771,143515,18-24,191,38730
175,3/20/2023,CUST175,FEMALE,31,ELECTRONICS,4,25,100,849,156905,25-34,267,51850
378,6/28/2023,CUST378,MALE,50,BEAUTY,1,300,300,771,143515,45-54,278,50410
912,1/24/2023,CUST912,MALE,51,BEAUTY,3,50,150,771,143515,45-54,278,50410
205,11/7/2023,CUST205,FEMALE,43,CLOTHING,1,25,25,894,155580,35-44,291,52965
475,1/20/2023,CUST475,MALE,26,CLOTHING,3,25,75,894,155580,25-34,255,45240
812,11/12/2023,CUST812,MALE,19,ELECTRONICS,3,25,75,849,156905,18-24,191,38730
989,12/28/2023,CUST989,FEMALE,44,ELECTRONICS,1,25,25,849,156905,35-44,291,52965
136,3/20/2023,CUST136,MALE,44,ELECTRONICS,2,300,600,849,156905,35-44,242,43870
233,12/29/2023,CUST233,FEMALE,51,BEAUTY,2,300,600,771,143515,45-54,300,46825
264,1/28/2023,CUST264,MALE,47,CLOTHING,3,300,900,894,155580,45-54,278,50410
747,11/15/2023,CUST747,MALE,23,BEAUTY,1,30,30,771,143515,18-24,191,38730
375,9/17/2023,CUST375,MALE,32,CLOTHING,1,50,50,894,155580,25-34,255,45240
278,3/13/2023,CUST278,FEMALE,37,CLOTHING,4,25,100,894,155580,35-44,291,52965
164,5/15/2023,CUST164,FEMALE,47,BEAUTY,3,500,1500,771,143515,45-54,300,46825
505,1/20/2023,CUST505,MALE,24,BEAUTY,1,50,50,771,143515,18-24,191,38730
133,2/16/2023,CUST133,MALE,20,ELECTRONICS,3,300,900,849,156905,18-24,191,38730
464,1/13/2023,CUST464,MALE,38,ELECTRONICS,2,300,600,849,156905,35-44,242,43870
889,10/2/2023,CUST889,FEMALE,35,ELECTRONICS,1,50,50,849,156905,35-44,291,52965
578,5/26/2023,CUST578,FEMALE,54,CLOTHING,4,30,120,894,155580,45-54,300,46825
675,8/4/2023,CUST675,FEMALE,45,CLOTHING,2,30,60,894,155580,45-54,300,46825
222,4/26/2023,CUST222,MALE,51,CLOTHING,4,30,120,894,155580,45-54,278,50410
647,5/21/2023,CUST647,MALE,59,CLOTHING,3,500,1500,894,155580,55+,250,44910
336,12/12/2023,CUST336,FEMALE,52,BEAUTY,3,50,150,771,143515,45-54,300,46825
433,2/27/2023,CUST433,MALE,29,BEAUTY,4,50,200,771,143515,25-34,255,45240
364,8/23/2023,CUST364,FEMALE,19,BEAUTY,1,500,500,771,143515,18-24,175,35920
405,11/6/2023,CUST405,FEMALE,25,CLOTHING,4,300,1200,894,155580,25-34,267,51850
575,3/28/2023,CUST575,MALE,60,CLOTHING,2,50,100,894,155580,55+,250,44910
478,4/13/2023,CUST478,FEMALE,58,CLOTHING,2,30,60,894,155580,55+,265,45280
122,10/3/2023,CUST122,MALE,64,ELECTRONICS,4,30,120,849,156905,55+,250,44910
333,2/5/2023,CUST333,FEMALE,54,ELECTRONICS,4,300,1200,849,156905,45-54,300,46825
705,3/7/2023,CUST705,MALE,60,ELECTRONICS,2,25,50,849,156905,55+,250,44910
236,4/28/2023,CUST236,FEMALE,54,CLOTHING,1,25,25,894,155580,45-54,300,46825
664,12/28/2023,CUST664,FEMALE,44,CLOTHING,4,500,2000,894,155580,35-44,291,52965
875,8/6/2023,CUST875,FEMALE,51,ELECTRONICS,4,500,2000,849,156905,45-54,300,46825
847,4/8/2023,CUST847,FEMALE,18,ELECTRONICS,4,300,1200,849,156905,18-24,175,35920
778,11/18/2023,CUST778,FEMALE,47,BEAUTY,4,25,100,771,143515,45-54,300,46825
422,6/20/2023,CUST422,FEMALE,28,CLOTHING,3,30,90,894,155580,25-34,267,51850
633,8/7/2023,CUST633,MALE,39,BEAUTY,4,30,120,771,143515,35-44,242,43870
605,7/24/2023,CUST605,MALE,37,ELECTRONICS,2,500,1000,849,156905,35-44,242,43870
775,2/8/2023,CUST775,FEMALE,46,ELECTRONICS,4,25,100,849,156905,45-54,300,46825
905,4/2/2023,CUST905,MALE,58,BEAUTY,1,300,300,771,143515,55+,250,44910
564,10/24/2023,CUST564,MALE,50,ELECTRONICS,2,50,100,849,156905,45-54,278,50410
536,3/5/2023,CUST536,FEMALE,55,BEAUTY,4,30,120,771,143515,55+,265,45280
533,11/16/2023,CUST533,MALE,19,ELECTRONICS,3,500,1500,849,156905,18-24,191,38730
322,1/30/2023,CUST322,MALE,51,ELECTRONICS,1,500,500,849,156905,45-54,278,50410
805,12/29/2023,CUST805,FEMALE,30,BEAUTY,3,500,1500,771,143515,25-34,267,51850
678,12/23/2023,CUST678,FEMALE,60,ELECTRONICS,3,300,900,849,156905,55+,265,45280
833,6/16/2023,CUST833,MALE,42,BEAUTY,4,50,200,771,143515,35-44,242,43870
864,7/27/2023,CUST864,FEMALE,51,ELECTRONICS,1,500,500,849,156905,45-54,300,46825
299,7/25/2023,CUST299,MALE,61,ELECTRONICS,2,500,1000,849,156905,55+,250,44910
436,3/18/2023,CUST436,FEMALE,57,CLOTHING,4,30,120,894,155580,55+,265,45280
975,3/30/2023,CUST975,FEMALE,56,CLOTHING,4,50,200,894,155580,55+,265,45280
199,12/4/2023,CUST199,MALE,45,BEAUTY,3,500,1500,771,143515,45-54,278,50410
622,8/22/2023,CUST622,FEMALE,49,BEAUTY,3,25,75,771,143515,45-54,300,46825
978,3/22/2023,CUST978,FEMALE,53,CLOTHING,3,50,150,894,155580,45-54,300,46825
733,8/29/2023,CUST733,MALE,34,BEAUTY,1,30,30,771,143515,25-34,255,45240
499,1/15/2023,CUST499,MALE,46,BEAUTY,2,30,60,771,143515,45-54,278,50410
764,3/25/2023,CUST764,FEMALE,40,CLOTHING,1,25,25,894,155580,35-44,291,52965
933,2/3/2023,CUST933,MALE,22,BEAUTY,1,30,30,771,143515,18-24,191,38730
736,1/27/2023,CUST736,MALE,29,CLOTHING,4,25,100,894,155580,25-34,255,45240
257,2/19/2023,CUST257,MALE,19,BEAUTY,4,500,2000,771,143515,18-24,191,38730
522,1/1/2023,CUST522,MALE,46,BEAUTY,3,500,1500,771,143515,45-54,278,50410
14,1/17/2023,CUST014,MALE,64,CLOTHING,4,30,120,894,155580,55+,250,44910
878,6/30/2023,CUST878,FEMALE,20,CLOTHING,1,30,30,894,155580,18-24,175,35920
399,3/1/2023,CUST399,FEMALE,64,BEAUTY,2,30,60,771,143515,55+,265,45280
822,5/23/2023,CUST822,FEMALE,52,BEAUTY,3,50,150,771,143515,45-54,300,46825
24,11/29/2023,CUST024,FEMALE,49,CLOTHING,1,300,300,894,155580,45-54,300,46825
157,6/24/2023,CUST157,MALE,62,ELECTRONICS,4,500,2000,849,156905,55+,250,44910
636,3/23/2023,CUST636,FEMALE,21,BEAUTY,3,500,1500,771,143515,18-24,175,35920
964,1/31/2023,CUST964,MALE,24,CLOTHING,3,300,900,894,155580,18-24,191,38730
699,6/22/2023,CUST699,FEMALE,37,CLOTHING,4,30,120,894,155580,35-44,291,52965
936,2/7/2023,CUST936,MALE,57,BEAUTY,4,50,200,771,143515,55+,250,44910
44,2/19/2023,CUST044,FEMALE,22,CLOTHING,1,25,25,894,155580,18-24,175,35920
457,7/28/2023,CUST457,FEMALE,58,BEAUTY,3,300,900,771,143515,55+,265,45280
922,10/21/2023,CUST922,MALE,41,ELECTRONICS,1,50,50,849,156905,35-44,242,43870
836,4/19/2023,CUST836,FEMALE,22,CLOTHING,1,50,50,894,155580,18-24,175,35920
54,2/10/2023,CUST054,FEMALE,38,ELECTRONICS,3,500,1500,849,156905,35-44,291,52965
215,11/29/2023,CUST215,MALE,58,CLOTHING,3,500,1500,894,155580,55+,250,44910
174,4/12/2023,CUST174,FEMALE,39,BEAUTY,1,300,300,771,143515,35-44,291,52965
64,1/24/2023,CUST064,MALE,49,CLOTHING,4,25,100,894,155580,45-54,278,50410
599,11/19/2023,CUST599,FEMALE,28,BEAUTY,2,50,100,771,143515,25-34,267,51850
74,11/22/2023,CUST074,FEMALE,18,BEAUTY,4,500,2000,771,143515,18-24,175,35920
374,4/20/2023,CUST374,FEMALE,59,BEAUTY,3,25,75,771,143515,55+,265,45280
357,5/3/2023,CUST357,FEMALE,40,ELECTRONICS,3,25,75,849,156905,35-44,291,52965
84,11/28/2023,CUST084,FEMALE,38,ELECTRONICS,3,30,90,849,156905,35-44,291,52965
132,9/10/2023,CUST132,MALE,42,ELECTRONICS,4,50,200,849,156905,35-44,242,43870
115,11/26/2023,CUST115,MALE,51,CLOTHING,3,500,1500,894,155580,45-54,278,50410
94,5/19/2023,CUST094,FEMALE,47,BEAUTY,2,500,1000,771,143515,45-54,300,46825
274,4/9/2023,CUST274,FEMALE,23,CLOTHING,2,500,1000,894,155580,18-24,175,35920
899,5/25/2023,CUST899,MALE,26,CLOTHING,2,300,600,894,155580,25-34,255,45240
185,2/27/2023,CUST185,MALE,24,CLOTHING,1,25,25,894,155580,18-24,191,38730
385,10/6/2023,CUST385,MALE,50,ELECTRONICS,3,500,1500,849,156905,45-54,278,50410
657,2/11/2023,CUST657,MALE,40,CLOTHING,1,25,25,894,155580,35-44,242,43870
143,7/17/2023,CUST143,FEMALE,45,CLOTHING,1,50,50,894,155580,45-54,300,46825
415,1/27/2023,CUST415,MALE,53,CLOTHING,2,30,60,894,155580,45-54,278,50410
474,7/15/2023,CUST474,FEMALE,26,CLOTHING,3,500,1500,894,155580,25-34,267,51850
232,2/6/2023,CUST232,FEMALE,43,BEAUTY,1,25,25,771,143515,35-44,291,52965
799,9/8/2023,CUST799,MALE,56,ELECTRONICS,2,50,100,849,156905,55+,250,44910
774,4/12/2023,CUST774,FEMALE,40,CLOTHING,2,25,50,894,155580,35-44,291,52965
285,8/15/2023,CUST285,FEMALE,31,ELECTRONICS,1,25,25,849,156905,25-34,267,51850
557,7/27/2023,CUST557,FEMALE,20,BEAUTY,3,30,90,771,143515,18-24,175,35920
532,6/19/2023,CUST532,FEMALE,64,CLOTHING,4,30,120,894,155580,55+,265,45280
585,5/1/2023,CUST585,FEMALE,24,CLOTHING,1,25,25,894,155580,18-24,175,35920
315,6/1/2023,CUST315,MALE,47,CLOTHING,2,30,60,894,155580,45-54,278,50410
343,11/1/2023,CUST343,MALE,21,ELECTRONICS,2,25,50,849,156905,18-24,191,38730
857,12/31/2023,CUST857,MALE,60,ELECTRONICS,2,25,50,849,156905,55+,250,44910
432,1/5/2023,CUST432,FEMALE,60,ELECTRONICS,2,500,1000,849,156905,55+,265,45280
101,1/29/2023,CUST101,MALE,32,CLOTHING,2,300,600,894,155580,25-34,255,45240
615,12/23/2023,CUST615,FEMALE,61,CLOTHING,4,25,100,894,155580,55+,265,45280
485,12/4/2023,CUST485,MALE,24,ELECTRONICS,1,30,30,849,156905,18-24,191,38730
974,5/3/2023,CUST974,MALE,47,BEAUTY,1,30,30,771,143515,45-54,278,50410
999,12/5/2023,CUST999,FEMALE,36,ELECTRONICS,3,50,150,849,156905,35-44,291,52965
732,2/11/2023,CUST732,MALE,61,ELECTRONICS,2,500,1000,849,156905,55+,250,44910
757,12/25/2023,CUST757,FEMALE,43,ELECTRONICS,4,300,1200,849,156905,35-44,291,52965
243,5/23/2023,CUST243,FEMALE,47,ELECTRONICS,3,300,900,849,156905,45-54,300,46825
515,7/17/2023,CUST515,FEMALE,49,CLOTHING,3,300,900,894,155580,45-54,300,46825
874,6/26/2023,CUST874,MALE,60,BEAUTY,1,30,30,771,143515,55+,250,44910
785,3/3/2023,CUST785,FEMALE,31,BEAUTY,4,50,200,771,143515,25-34,267,51850
815,8/27/2023,CUST815,FEMALE,51,CLOTHING,3,25,75,894,155580,45-54,300,46825
632,9/16/2023,CUST632,FEMALE,26,ELECTRONICS,4,25,100,849,156905,25-34,267,51850
957,8/15/2023,CUST957,FEMALE,60,ELECTRONICS,4,30,120,849,156905,55+,265,45280
932,2/28/2023,CUST932,FEMALE,45,BEAUTY,4,25,100,771,143515,45-54,300,46825
301,3/26/2023,CUST301,MALE,30,CLOTHING,4,30,120,894,155580,25-34,255,45240
715,11/26/2023,CUST715,FEMALE,42,BEAUTY,4,25,100,771,143515,35-44,291,52965
832,9/11/2023,CUST832,MALE,47,BEAUTY,4,500,2000,771,143515,45-54,278,50410
685,6/2/2023,CUST685,MALE,57,ELECTRONICS,2,25,50,849,156905,55+,250,44910
915,5/30/2023,CUST915,FEMALE,26,BEAUTY,3,30,90,771,143515,25-34,267,51850
443,8/9/2023,CUST443,MALE,29,CLOTHING,2,300,600,894,155580,25-34,255,45240
201,10/9/2023,CUST201,MALE,56,ELECTRONICS,1,25,25,849,156905,55+,250,44910
985,5/30/2023,CUST985,FEMALE,19,ELECTRONICS,2,25,50,849,156905,18-24,175,35920
885,3/3/2023,CUST885,FEMALE,52,CLOTHING,4,30,120,894,155580,45-54,300,46825
701,12/14/2023,CUST701,FEMALE,52,BEAUTY,2,30,60,771,143515,45-54,300,46825
843,5/22/2023,CUST843,MALE,21,BEAUTY,3,500,1500,771,143515,18-24,191,38730
601,4/10/2023,CUST601,MALE,19,CLOTHING,1,30,30,894,155580,18-24,191,38730
901,4/10/2023,CUST901,MALE,31,ELECTRONICS,1,30,30,849,156905,25-34,255,45240
15,1/16/2023,CUST015,FEMALE,42,ELECTRONICS,4,500,2000,849,156905,35-44,291,52965
25,12/26/2023,CUST025,FEMALE,64,BEAUTY,1,50,50,771,143515,55+,265,45280
45,7/3/2023,CUST045,FEMALE,55,ELECTRONICS,1,30,30,849,156905,55+,265,45280
55,10/10/2023,CUST055,MALE,31,BEAUTY,4,30,120,771,143515,25-34,255,45240
65,12/5/2023,CUST065,MALE,51,ELECTRONICS,4,500,2000,849,156905,45-54,278,50410
75,7/6/2023,CUST075,MALE,61,BEAUTY,4,50,200,771,143515,55+,250,44910
85,2/6/2023,CUST085,MALE,31,CLOTHING,3,50,150,894,155580,25-34,255,45240
95,11/24/2023,CUST095,FEMALE,32,CLOTHING,2,30,60,894,155580,25-34,267,51850
295,7/28/2023,CUST295,FEMALE,27,BEAUTY,3,300,900,771,143515,25-34,267,51850
195,2/5/2023,CUST195,MALE,52,CLOTHING,1,30,30,894,155580,45-54,278,50410
495,7/24/2023,CUST495,MALE,24,BEAUTY,2,30,60,771,143515,18-24,191,38730
253,8/31/2023,CUST253,FEMALE,53,CLOTHING,4,500,2000,894,155580,45-54,300,46825
395,12/6/2023,CUST395,MALE,50,ELECTRONICS,2,500,1000,849,156905,45-54,278,50410
695,8/12/2023,CUST695,FEMALE,22,ELECTRONICS,3,50,150,849,156905,18-24,175,35920
453,12/8/2023,CUST453,FEMALE,26,CLOTHING,2,500,1000,894,155580,25-34,267,51850
211,1/1/2024,CUST211,MALE,42,BEAUTY,3,500,1500,771,143515,35-44,242,43870
595,11/9/2023,CUST595,FEMALE,18,CLOTHING,4,500,2000,894,155580,18-24,175,35920
353,5/14/2023,CUST353,MALE,31,ELECTRONICS,1,500,500,849,156905,25-34,255,45240
111,4/19/2023,CUST111,FEMALE,34,ELECTRONICS,3,500,1500,849,156905,25-34,267,51850
895,5/22/2023,CUST895,FEMALE,55,CLOTHING,4,30,120,894,155580,55+,265,45280
653,5/20/2023,CUST653,MALE,54,CLOTHING,3,25,75,894,155580,45-54,278,50410
411,5/16/2023,CUST411,MALE,62,ELECTRONICS,4,50,200,849,156905,55+,250,44910
795,11/28/2023,CUST795,MALE,57,ELECTRONICS,1,300,300,849,156905,55+,250,44910
311,12/5/2023,CUST311,FEMALE,32,BEAUTY,4,25,100,771,143515,25-34,267,51850
853,5/4/2023,CUST853,MALE,21,BEAUTY,2,500,1000,771,143515,18-24,191,38730
611,2/24/2023,CUST611,MALE,51,BEAUTY,3,500,1500,771,143515,45-54,278,50410
995,4/30/2023,CUST995,FEMALE,41,CLOTHING,1,30,30,894,155580,35-44,291,52965
511,8/12/2023,CUST511,MALE,45,BEAUTY,2,50,100,771,143515,45-54,278,50410
953,4/26/2023,CUST953,MALE,45,BEAUTY,3,30,90,771,143515,45-54,278,50410
711,10/16/2023,CUST711,MALE,26,ELECTRONICS,3,500,1500,849,156905,25-34,255,45240
911,5/21/2023,CUST911,MALE,42,ELECTRONICS,3,300,900,849,156905,35-44,242,43870
16,2/17/2023,CUST016,MALE,19,CLOTHING,3,500,1500,894,155580,18-24,191,38730
36,6/24/2023,CUST036,MALE,52,BEAUTY,3,300,900,771,143515,45-54,278,50410
,null,null,null,null,null,0,0,0,null,null,null,null,null
1,11/24/2023,CUST001,MALE,34,BEAUTY,3,50,150,771,143515,25-34,255,45240
2,2/27/2023,CUST002,FEMALE,26,CLOTHING,2,500,1000,894,155580,25-34,267,51850
3,1/13/2023,CUST003,MALE,50,ELECTRONICS,1,30,30,849,156905,45-54,278,50410
4,5/21/2023,CUST004,MALE,37,CLOTHING,1,500,500,894,155580,35-44,242,43870
5,5/6/2023,CUST005,MALE,30,BEAUTY,2,50,100,771,143515,25-34,255,45240
7,3/13/2023,CUST007,MALE,46,CLOTHING,2,25,50,894,155580,45-54,278,50410
8,2/22/2023,CUST008,MALE,30,ELECTRONICS,4,25,100,849,156905,25-34,255,45240
9,12/13/2023,CUST009,MALE,63,ELECTRONICS,2,300,600,849,156905,55+,250,44910
309,12/23/2023,CUST309,FEMALE,26,BEAUTY,1,25,25,771,143515,25-34,267,51850
209,12/20/2023,CUST209,FEMALE,30,ELECTRONICS,4,50,200,849,156905,25-34,267,51850
509,6/26/2023,CUST509,FEMALE,37,ELECTRONICS,3,300,900,849,156905,35-44,291,52965
409,12/18/2023,CUST409,FEMALE,21,ELECTRONICS,3,300,900,849,156905,18-24,175,35920
709,7/21/2023,CUST709,FEMALE,19,ELECTRONICS,2,500,1000,849,156905,18-24,175,35920
609,12/19/2023,CUST609,FEMALE,47,CLOTHING,2,50,100,894,155580,45-54,300,46825
909,10/1/2023,CUST909,MALE,26,ELECTRONICS,1,300,300,849,156905,25-34,255,45240
219,8/20/2023,CUST219,FEMALE,53,ELECTRONICS,3,30,90,849,156905,45-54,300,46825
419,5/22/2023,CUST419,FEMALE,44,CLOTHING,3,30,90,894,155580,35-44,291,52965
319,10/5/2023,CUST319,MALE,31,CLOTHING,1,500,500,894,155580,25-34,255,45240
619,10/13/2023,CUST619,MALE,47,ELECTRONICS,4,25,100,849,156905,45-54,278,50410
719,4/4/2023,CUST719,FEMALE,42,CLOTHING,2,30,60,894,155580,35-44,291,52965
722,7/14/2023,CUST722,MALE,20,BEAUTY,3,300,900,771,143515,18-24,191,38730
332,4/6/2023,CUST332,MALE,58,ELECTRONICS,4,300,1200,849,156905,55+,250,44910
743,1/16/2023,CUST743,FEMALE,34,BEAUTY,4,500,2000,771,143515,25-34,267,51850
801,8/10/2023,CUST801,MALE,21,CLOTHING,4,50,200,894,155580,18-24,191,38730
35,8/5/2023,CUST035,FEMALE,58,BEAUTY,3,300,900,771,143515,55+,265,45280
153,12/16/2023,CUST153,MALE,63,ELECTRONICS,2,500,1000,849,156905,55+,250,44910
811,5/19/2023,CUST811,MALE,61,BEAUTY,2,25,50,771,143515,55+,250,44910
46,6/26/2023,CUST046,FEMALE,20,ELECTRONICS,4,300,1200,849,156905,18-24,175,35920
109,10/18/2023,CUST109,FEMALE,34,ELECTRONICS,4,500,2000,849,156905,25-34,267,51850
819,6/15/2023,CUST819,FEMALE,35,BEAUTY,2,50,100,771,143515,35-44,291,52965
947,3/2/2023,CUST947,MALE,50,BEAUTY,1,300,300,771,143515,45-54,278,50410
34,12/24/2023,CUST034,FEMALE,51,CLOTHING,3,50,150,894,155580,45-54,300,46825
574,8/31/2023,CUST574,FEMALE,63,ELECTRONICS,2,25,50,849,156905,55+,265,45280
674,4/16/2023,CUST674,FEMALE,38,CLOTHING,1,300,300,894,155580,35-44,291,52965
501,5/14/2023,CUST501,MALE,39,ELECTRONICS,2,30,60,849,156905,35-44,242,43870
643,9/24/2023,CUST643,FEMALE,28,ELECTRONICS,3,30,90,849,156905,25-34,267,51850
401,10/11/2023,CUST401,FEMALE,62,CLOTHING,1,300,300,894,155580,55+,265,45280
553,3/31/2023,CUST553,MALE,24,CLOTHING,4,300,1200,894,155580,18-24,191,38730
753,2/28/2023,CUST753,FEMALE,32,CLOTHING,1,30,30,894,155580,25-34,267,51850
26,10/7/2023,CUST026,FEMALE,28,ELECTRONICS,2,500,1000,849,156905,25-34,267,51850
809,9/25/2023,CUST809,FEMALE,62,BEAUTY,2,50,100,771,143515,55+,265,45280
119,3/13/2023,CUST119,FEMALE,60,CLOTHING,3,50,150,894,155580,55+,265,45280
519,1/23/2023,CUST519,FEMALE,36,ELECTRONICS,4,30,120,849,156905,35-44,291,52965
943,10/16/2023,CUST943,FEMALE,57,CLOTHING,4,300,1200,894,155580,55+,265,45280
543,7/26/2023,CUST543,MALE,49,BEAUTY,2,300,600,771,143515,45-54,278,50410
6,4/25/2023,CUST006,FEMALE,45,BEAUTY,1,30,30,771,143515,45-54,300,46825
